V1,V2,V3,V4,V5,V6,V7,V8,V9,V10,V11,V12,V13,V14,V15,V16,V17,V18,V19,V20,V21,V22,V23,V24,V25,V26,V27,V28,V29,V30,V31,V32,V33,V34,V35,V36,V37,V38,V39,V40,V41,V42,V43,V44,V45,V46,V47,V48,V49,V50,V51
Schleswig-Holstein,1,Flensburg – Schleswig,130,2128.1,282.8,266.7,5.7,132.9,-3.7,12.3,16.5,8.7,11.3,35,17.4,11.2,90,10,5.1,59.5,35.5,49.4,3.8,514.6,20265,28300,696.9,"4,4",11.9,8.2,19.8,41.6,30.4,41.1,44,7.3,337.4,"1,6","18,7","28,1","16,4",35.2,88.5,26.3,18.8,7.2,8.2,6.2,4.2,7.3
Schleswig-Holstein,2,Nordfriesland – Dithmarschen Nord,197,2777,232.3,219.7,5.4,83.6,-5,13.2,16.1,8,10.4,35.1,18.5,11.9,92,8,5.2,65,29.8,58.8,6,566.1,22159,30078,748.1,4,11.5,7.9,19.9,48.8,23.4,33.9,60.9,9.2,337.6,"2,6","19,9","33,4","12,4",31.7,70.9,26.2,16.7,7.2,7.7,6.6,3.6,8.4
Schleswig-Holstein,3,Steinburg – Dithmarschen Süd,178,2000.5,220.8,209.8,5,110.4,-5.3,11.9,16.7,7.6,9.9,37,17.4,11.4,90.8,9.2,4.2,59.9,35.9,59.4,2.4,493,20896,29298,724.5,"2,7",11.7,7.8,19.1,44.1,29,35,43.8,7.1,290.2,"2,7","28,3","22,9","15,9",30.3,80.1,26,21.1,6.6,7.2,6,5.2,6.6
Schleswig-Holstein,4,Rendsburg-Eckernförde,163,2164.8,248.7,239.4,3.7,114.9,-3.4,10,17.3,7.2,9.4,37.2,17.9,11,91.5,8.5,4.9,58.3,36.8,58.7,5.5,492.2,22093,26659,733.3,"2,4",9.4,7.4,18.2,43.6,30.9,37.1,41.6,6.9,276.1,"2,4","24,4",23,"15,5",34.7,59.4,28.1,23.8,5.1,5.5,4.7,3.2,5.6
Schleswig-Holstein,5,Kiel,3,143,268,242.9,9.4,1873.8,-0.1,11.9,14.6,10.8,17.4,32.8,14.8,9.6,82,18,7.3,41.8,50.9,29.5,1.3,539.3,18637,42836,518.2,"4,8",8.7,6.6,15.2,34.5,43.6,42.1,37.9,4.2,473.7,"0,2",16,"20,1","25,2",38.6,138.7,26.4,28.3,8.8,10,7.6,6.1,8.7
Schleswig-Holstein,6,Plön – Neumünster,92,1302,219.8,206.8,5.9,168.8,-4.9,21,16.4,7.3,10.1,35.8,18.3,12.1,89.2,10.8,5.6,54.1,40.3,53,2.4,501.9,20395,25983,673.6,4,11.6,7.9,18.5,39,34.6,37.5,41.6,6.7,312.4,"1,7","22,5","29,1","17,6",29.1,86.8,26.2,22.1,6.9,7.5,6.4,4.4,7.7
Schleswig-Holstein,7,Pinneberg,49,664.3,307.5,281.5,8.4,462.9,-2.3,13.1,16.8,7.2,10.7,37.4,16.7,11.2,85,15,6.4,40.9,52.7,52.8,6,484.6,23766,26342,651.9,"2,1",11,6,14.8,40.1,39.1,40.2,48.5,7.2,290.2,"2,3","29,5",29,"17,2",22,67.7,28.8,34.6,5.2,5.6,4.8,3.3,6.4
Schleswig-Holstein,8,Segeberg – Stormarn-Mitte,95,1333.4,313.2,294.9,5.8,234.9,-1.6,9.2,17.1,6.9,10.5,37.9,17,10.5,86.7,13.3,5.8,44.1,50.1,54.6,3.1,469.6,22791,29135,712.1,2,10.4,6.2,16.7,41.2,35.9,47.5,48.3,7.3,333.4,"1,1","27,8","29,3","17,5",24.3,54.5,28.5,28.3,4.6,4.9,4.2,2.7,5.1
Schleswig-Holstein,9,Ostholstein – Stormarn-Nord,49,1533.3,219.3,209.9,4.3,143,-6.5,13.2,15,6.7,9.1,36.1,20,13.1,91.6,8.4,6.1,57.6,36.3,55.9,4.7,551.1,21962,23354,719.1,3,10,9.8,19.4,41.3,29.4,33.4,51.1,7.3,300.8,"1,5",21,"31,9","12,3",33.4,62.6,24.9,20.2,6.2,6.6,5.7,3.7,7.4
Schleswig-Holstein,10,Herzogtum Lauenburg – Stormarn-Süd,126,1349.9,311.1,290.6,6.6,230.5,-3.7,16.8,16.8,6.6,10.1,36.9,17.3,12.3,87.3,12.7,6.8,44.1,49,55.6,2.8,476.3,23628,24859,701.4,2,9.2,6.8,16.3,39.1,37.9,43.1,45.9,6.8,285.6,"1,3","28,3","28,4","15,5",26.5,59.5,27.8,28.7,4.8,5.1,4.5,3.2,5.5
Schleswig-Holstein,11,Lübeck,28,406.3,235.3,216.5,8,579.2,-4.3,12.2,15.4,8.2,13.1,34.8,16.7,11.8,83.5,16.5,8.1,49,42.9,33.1,2.7,527.7,19238,36117,525.8,"4,8",9.2,9.5,19.6,37.2,33.8,38.5,39.6,5.5,415.8,"0,2","23,4","24,8",21,30.7,127,26.1,22.5,8.7,9.4,8,5.7,9
Schleswig-Holstein,901,Land insgesamt,1110,15802.5,2858.7,2678.7,6.3,180.9,-3.5,13.1,16.3,7.7,11.1,36.1,17.4,11.4,88,12,6,51.5,42.5,50.5,3.7,508.1,21548,29331,672.7,"3,2",10.4,7.5,17.9,41,33.6,39.5,45.7,6.9,331.8,"1,5","23,3",27,"17,5",30.7,80.5,26.8,24.4,6.4,6.9,5.8,4,6.9
Mecklenburg-Vorpommern,12,Schwerin – Ludwigslust-Parchim I – Nordwestmecklenburg I,132,3628.1,270.9,254.6,6,74.7,-3.1,26.8,15.7,5.5,12.9,36.6,17.8,11.4,95.3,4.7,3.8,19.2,77,39.5,2.2,534.8,18008,25884,634.6,"1,2",7.7,8.9,11.1,40.2,39.8,65.1,40.7,9.2,385.1,"2,7","24,6","20,5","17,8",34.5,97.9,24.3,16.3,7.8,8.5,7,8.1,7.9
Mecklenburg-Vorpommern,13,Ludwigslust-Parchim II – Nordwestmecklenburg II – Landkreis Rostock I,125,3924.5,248.8,241.3,3,63.4,-5,9.4,14.7,4.4,11.6,37.2,19.9,12.2,96.4,3.6,3.2,18.4,78.4,46.6,3.3,538.1,18081,20937,697.4,"0,4",7.4,8.7,13,45,33.3,65.2,40.3,9.9,300.7,"4,6","31,3","23,3","11,1",29.7,79.6,23.5,9.9,7.1,7.7,6.4,5.7,8.2
Mecklenburg-Vorpommern,14,Rostock – Landkreis Rostock II,37,993,271.6,261.2,3.8,273.5,-1.4,9.9,14.3,6.6,16.2,33.6,17.5,11.9,94.5,5.5,3.1,11.5,85.4,23.8,2.7,559.3,16879,31845,510.2,"1,2",7,9.2,9.8,37.9,43.1,71.1,39.1,5.8,398.9,"0,9","17,3","24,2","22,7",34.9,111.9,23.5,15.1,8.9,10,7.6,8.2,9.3
Mecklenburg-Vorpommern,15,Vorpommern-Rügen – Vorpommern-Greifswald I,116,3466.1,292.3,282.3,3.4,84.3,-4.4,11.1,14.1,5.7,13.4,35.6,18.7,12.5,96.7,3.3,2.6,15.3,82,36.2,4.4,574.6,17287,20753,630.8,"0,9",7,7.7,16.1,45.1,31.1,64,45.3,8.2,329.7,"3,1","16,5","30,2","13,7",36.5,106.6,23.2,9.1,11.9,13.1,10.6,8.7,12.9
Mecklenburg-Vorpommern,16,Mecklenburgische Seenplatte I – Vorpommern-Greifswald II,161,4950.8,273.3,264,3.4,55.2,-6.1,8.2,14.4,4.4,11.4,36.8,20,13.1,96.7,3.3,3.1,19,77.9,41.6,2.3,568,16955,21751,636.3,"0,7",7.5,8.1,14.4,42.7,34.7,64.7,39.4,8,346,"3,1","19,9","24,2","15,8",37,117.3,22.2,8.1,11.7,13,10.3,10.6,12.8
Mecklenburg-Vorpommern,17,Mecklenburgische Seenplatte II – Landkreis Rostock III,184,6250.3,255.6,249.6,2.3,40.9,-6.3,8.5,14.8,4.2,11,37.8,19.1,13,97.4,2.6,4,20,76.1,45.7,2.1,551.9,17802,22923,676.3,"0,7",7.4,8.1,12.9,45.4,33.6,66.7,41.6,8.8,336.6,"3,8","22,3","26,9","13,9",33.1,106.2,22.2,8.7,10.2,11.1,9.2,8.2,11.3
Mecklenburg-Vorpommern,913,Land insgesamt,755,23213.7,1612.4,1552.9,3.7,69.5,-4.4,12.4,14.7,5.2,12.8,36.2,18.8,12.3,96.2,3.8,3.3,17.2,79.5,38.6,2.8,555,17486,24012,629.6,"0,9",7.3,8.5,12.9,42.7,35.9,66.1,41.1,8.3,349.9,"2,9","21,5","24,9","16,2",34.5,103.6,23.1,11.2,9.6,10.6,8.5,8.2,10.5
Hamburg,18,Hamburg-Mitte,1,117.7,350.1,278.4,20.5,2974.2,1.3,11.2,16.2,7.9,16.5,35.8,14.1,9.6,71.7,28.3,10.8,24.3,64.9,10.6,4,521,23596,59958,492.2,"2,2",9.2,5.5,16.5,22.9,55.1,44.1,60.4,4.9,526.6,"0,1","15,7","27,6","33,1",23.5,106.9,26.4,35.6,7.1,7.7,6.5,4.6,8
Hamburg,19,Hamburg-Altona,1,78.8,260.3,222.8,14.4,3302.5,1.2,11.2,16.2,7.9,16.5,35.8,14.1,9.6,71.7,28.3,9.1,32,58.9,24.7,4,521,23596,59958,492.2,"2,2",9.2,5.5,16.5,22.9,55.1,44.1,60.4,4.9,529.9,"0,1","15,7","27,6","33,1",23.5,106.9,26.4,35.6,7.1,7.7,6.5,4.6,8
Hamburg,20,Hamburg-Eimsbüttel,1,49.6,252.9,223.2,11.7,5096.1,1.2,11.2,16.2,7.9,16.5,35.8,14.1,9.6,71.7,28.3,9.2,30.4,60.4,25.7,4,521,23596,59958,492.2,"2,2",9.2,5.5,16.5,22.9,55.1,44.1,60.4,4.9,528.3,"0,1","15,7","27,6","33,1",23.5,106.9,26.4,35.6,7.1,7.7,6.5,4.6,8
Hamburg,21,Hamburg-Nord,1,114.9,279.8,252.9,9.6,2435.9,1.1,11.2,16.2,7.9,16.5,35.8,14.1,9.6,71.7,28.3,8.7,32.8,58.5,33.6,4,521,23596,59958,492.2,"2,2",9.2,5.5,16.5,22.9,55.1,44.1,60.4,4.9,533.4,"0,1","15,7","27,6","33,1",23.5,106.9,26.4,35.6,7.1,7.7,6.5,4.6,8
Hamburg,22,Hamburg-Wandsbek,1,78.9,314.7,277.2,11.9,3987.9,1.3,11.2,16.2,7.9,16.5,35.8,14.1,9.6,71.7,28.3,9.2,28.9,61.9,26.2,4,521,23596,59958,492.2,"2,2",9.2,5.5,16.5,22.9,55.1,44.1,60.4,4.9,526.3,"0,1","15,7","27,6","33,1",23.5,106.9,26.4,35.6,7.1,7.7,6.5,4.6,8
Hamburg,23,Hamburg-Bergedorf – Harburg,1,315.3,329.5,270.6,17.9,1044.9,1.2,11.2,16.2,7.9,16.5,35.8,14.1,9.6,71.7,28.3,11.3,31.5,57.2,27.6,4,521,23596,59958,492.2,"2,2",9.2,5.5,16.5,22.9,55.1,44.1,60.4,4.9,529.4,"0,1","15,7","27,6","33,1",23.5,106.9,26.4,35.6,7.1,7.7,6.5,4.6,8
Hamburg,902,Land insgesamt,1,755.3,1787.4,1525.2,14.7,2366.5,1.2,11.2,16.2,7.9,16.5,35.8,14.1,9.6,71.7,28.3,9.8,29.8,60.4,24,4,521,23596,59958,492.2,"2,2",9.2,5.5,16.5,22.9,55.1,44.1,60.4,4.9,528.8,"0,1","15,7","27,6","33,1",23.5,106.9,26.4,35.6,7.1,7.7,6.5,4.6,8
Niedersachsen,24,Aurich – Emden,25,1396.3,239.9,227.3,5.3,171.8,-4.4,12.1,17,8.4,11,35.3,17.8,10.5,91.2,8.8,6.2,70.1,23.6,65.2,4.7,509.9,18428,29758,687.4,"5,6",11.6,7.6,15.4,49.7,27.3,35.3,39,6.1,385.9,"1,2","32,5","25,3","14,6",26.4,86.7,25.8,18.3,7.8,8,7.5,3.9,8.4
Niedersachsen,25,Unterems,56,2578.9,314.5,285.8,9.1,122,-2.2,13.8,18.2,8.5,12,36.2,15.7,9.4,86.6,13.4,37.7,43.4,18.9,69.7,5.8,446.3,18302,31105,714.8,"7,1",11.5,7,14,56,22.9,35,41,7,334.8,"1,9","33,1","23,3","15,6",26.2,55.5,23.8,22.6,5,5,5,2.4,5.4
Niedersachsen,26,Friesland – Wilhelmshaven – Wittmund,28,1371.1,231.1,220.4,4.6,168.5,-5.3,14.1,15.6,8.1,10.3,34.2,19.1,12.7,90.1,9.9,9,56.7,34.3,52,4.2,549.1,18657,28174,702.3,"5,7",10.7,4.6,16.9,47.7,30.9,31.5,38.4,6.3,315.7,.,.,"23,9",15,36.7,91.3,24.9,18.8,8.2,8.7,7.6,2.8,9.1
Niedersachsen,27,Oldenburg – Ammerland,7,831.4,285.3,266.8,6.5,343.1,-1.7,17,16.4,8.7,13.3,35.3,16.1,10.1,86.1,13.9,11.9,52.1,35.9,50.1,5.1,515.5,19758,34315,660.2,"6,9",11.4,5.2,13,43.1,38.7,42.3,45.3,6.7,428.7,"2,2","18,6",25,"21,7",32.4,86.2,27.3,28.1,6.2,6.8,5.5,3.4,6.5
Niedersachsen,28,Delmenhorst – Wesermarsch – Oldenburg-Land,25,1946.8,294.2,270.4,8.1,151.1,-3.7,16.3,16.9,7.9,10.5,36.7,17.1,10.9,84.9,15.1,11.1,51,37.9,59,2.5,478.4,20248,23286,696.9,"4,1",10.9,5.2,15.8,54.6,24.3,36.1,38.3,6.9,282.3,2,"34,9","24,2","12,5",26.3,88.5,28.6,30.7,6.6,6.5,6.7,3.6,7.1
Niedersachsen,29,Cuxhaven – Stade II,46,2573.6,234.7,222.5,5.2,91.2,-5.2,12.2,16.6,7.1,9.8,35.7,19,11.9,89,11,6.3,62,31.7,63.5,4.7,508.9,20649,21469,740.4,"4,5",10.4,4.2,16.5,55.3,24,40.4,35,5.7,236.1,"3,7","25,9","26,5","11,8",32.1,70.9,27.4,23.7,5.8,6.1,5.5,3.5,6.1
Niedersachsen,30,Stade I – Rotenburg II,60,1969.2,252,234.4,7,128,-2.1,12.9,17.5,8,11.4,36.5,16.4,10.2,86.9,13.1,5.6,57.5,36.9,59.4,4.6,470.1,21075,27727,755.9,"6,2",12.1,4.6,12.5,55.1,27.8,38.5,39.9,6.1,311.4,"2,7","29,2","25,2","13,8",29,65.4,27.1,23.3,5.3,5.4,5.1,3.4,5.6
Niedersachsen,31,Mittelems,48,2351.7,308.2,278.9,9.5,131,-1.4,11.4,18.4,8.3,11.8,35.9,15.7,9.9,81.2,18.8,49.2,31.8,18.9,68.9,7.6,436.2,18813,32445,718.8,"7,1",12,6.4,13.6,54,26.1,37.4,41.9,7.2,378.9,"1,7","38,3","21,9","14,1",23.9,51.4,27,29.2,3.6,3.7,3.6,1.7,3.9
Niedersachsen,32,Cloppenburg – Vechta,23,2231.1,302.6,275.1,9.1,135.6,1.6,11.7,20.4,9.7,13,35.7,13,8.3,76.5,23.5,62.5,19.6,17.9,66,7.7,400.7,20024,36396,720.2,"8,1",12.8,5.1,14.3,55.1,25.5,41.3,46.9,8.9,426,"3,7","43,1","20,2","12,4",20.7,60.5,30.1,37.2,4.7,4.7,4.8,2.3,6
Niedersachsen,33,Diepholz – Nienburg I,60,2487.6,244.7,229.3,6.3,98.4,-4.4,16.7,16.7,7.5,10.3,37.3,16.8,11.4,86.6,13.4,9.8,58.4,31.8,65.6,3,460.8,21380,26806,770.3,"3,6",11.4,3.3,11.5,56.9,28.3,38.4,43.7,6.9,313.4,"2,1","32,6","28,2","12,5",24.5,61.6,29.4,28.1,4.5,4.6,4.4,3.2,4.5
Niedersachsen,34,Osterholz – Verden,22,1438.8,248.2,233.7,5.9,172.5,-2.6,16.7,17.2,7.3,10.1,36.8,17.7,10.7,85.7,14.3,6.6,55,38.4,65.1,3.3,461.1,22019,23523,728.1,"3,7",10.8,4.3,11.4,49.3,34.9,39.4,39.7,6,282.4,2,"28,6","28,8","13,3",27.3,53.9,28.8,27.9,4.4,4.6,4.2,2.5,4.2
Niedersachsen,35,Rotenburg I – Heidekreis,45,2725,214.9,199.6,7.1,78.9,-3.4,26.1,17.3,8.2,11.1,35.9,16.5,11.1,87.2,12.8,6.8,61.7,31.5,59.3,2.6,474.3,19984,28727,766.1,"5,6",11.9,6.2,13.8,51.1,28.9,35.3,40.3,6.8,331,"2,1","26,5","27,2","10,8",33.4,62.4,25.9,20.6,5.7,5.9,5.5,2.9,6
Niedersachsen,36,Harburg,42,1245,248.1,232.3,6.4,199.3,-1.7,13.3,17.2,7.1,10,37.8,17.1,10.8,88.3,11.7,6.4,44.8,48.8,62.5,4.8,475.6,24050,21188,754.3,"3,5",10.6,2.3,10.5,51.9,35.3,49,48.5,6.5,238.6,"2,3",22,"34,5",15,26.3,48.9,29.4,27.6,4.2,4.4,4,1.8,5.5
Niedersachsen,37,Lüchow-Dannenberg – Lüneburg,70,2544.4,230.8,216.5,6.2,90.7,-3.2,20.5,17,8.2,11.5,36.3,16.5,10.5,87.9,12.1,6.8,52.6,40.6,54.5,2.8,493.7,19347,23548,673.7,"5,1",10.8,4,13.1,46.3,36.6,42.7,40.6,6.1,300.5,"2,2","24,6","22,9","15,9",34.4,74.3,25.9,21.1,6.3,7,5.6,4.3,6.9
Niedersachsen,38,Osnabrück-Land,29,1916.1,265.6,241.8,9,138.6,-1.7,27,18.7,8.5,11.3,36.3,15,10.2,80.6,19.4,37,40.7,22.3,59.5,3.9,430,21041,26395,735.2,2,10.2,5.8,13.3,57.7,23.1,38.6,40,7.1,343.1,"1,8","39,8","22,3","14,2",21.9,44.6,30.5,24.8,3.6,3.6,3.5,1,4.7
Niedersachsen,39,Stadt Osnabrück,6,325.3,254.9,232.4,8.8,783.6,-1.2,22.5,15.7,10.2,14.4,34.2,14.8,10.7,77.4,22.6,42,30.9,27.2,42,2.7,504.6,20468,38647,627.3,"9,9",11.7,6.2,9,45.8,39.1,42.3,43.8,6.1,485.5,"0,5",25,"24,3","20,8",29.4,87,27.5,35.3,6.2,6.7,5.8,3.2,6.7
Niedersachsen,40,Nienburg II – Schaumburg,60,1575.1,246.1,230.3,6.4,156.3,-6.4,11.2,16.2,7.4,10,36.5,17.5,12.4,84.7,15.3,9.4,59.9,30.7,58.9,1.4,496,20359,24331,741.6,"5,1",11.2,4.1,13.9,46.9,35.1,35.4,38.2,6.6,291.2,"1,3","31,6","22,7","11,9",32.5,71.2,27.4,22.7,5.9,6.3,5.5,5,5.9
Niedersachsen,41,Stadt Hannover I,1,112.8,257.3,217,15.7,2281,-0.1,15.2,15.3,9.1,16.9,34.4,14.1,10,75.9,24.1,13.7,34.4,51.9,27,2,551.2,20136,40552,570.6,"4,1",9.9,4.8,11.9,43.5,39.9,44.9,41.8,5.6,432.1,"0,3",20,"23,1",27,29.6,107.8,27.4,36.2,7.2,7.7,6.6,4.5,7.4
Niedersachsen,42,Stadt Hannover II,1,91.3,274.9,230.9,16,3009.3,-0.2,15.2,15.3,9.1,16.9,34.4,14.1,10,75.9,24.1,13.6,35,51.4,23.4,2,551.2,20136,40552,570.6,"4,1",9.9,4.8,11.9,43.5,39.9,44.9,41.8,5.6,434.5,"0,3",20,"23,1",27,29.6,107.8,27.4,36.2,7.2,7.7,6.6,4.5,7.4
Niedersachsen,43,Hannover-Land I,8,1131.8,303,276.1,8.9,267.8,-3.3,16.8,17.2,7.1,10.4,36.4,17.1,11.8,75.9,24.1,12.3,45.9,41.8,54.7,2.6,484.6,20136,40552,570.6,"4,1",9.9,4.8,11.9,43.5,39.9,44.9,41.8,5.6,432.3,"0,3",20,"23,1",27,29.6,107.8,27.4,36.2,7.2,7.7,6.6,4.5,7.4
Niedersachsen,44,Celle – Uelzen,48,2999.4,271.1,255.3,5.8,90.4,-5.2,13.9,16.6,7.4,10.5,35.4,17.9,12.2,86.6,13.4,7.5,58.7,33.8,59.2,2.1,502.2,19546,26041,709.8,"6,4",10.9,4.4,13.3,54.1,28.2,34.9,37.1,6.4,313.4,2,"27,3","22,2","11,6",37,77,27.3,21.3,7,7.8,6.2,4.3,7.4
Niedersachsen,45,Gifhorn – Peine,35,1814,280.1,263.7,5.9,154.4,-2.5,10.9,17.8,7.4,10.6,37.5,16.2,10.4,82.7,17.3,9.8,53.6,36.6,65.1,3.2,461,20407,19304,707.1,"2,8",10.4,4.3,11.8,51.7,32.2,37.8,28.6,5,233.8,"1,1","28,8","22,5","17,7",29.9,61.9,28.7,23.4,5.2,5.3,5.1,3.6,5.1
Niedersachsen,46,Hameln-Pyrmont – Holzminden,42,1799.5,237.5,220.2,7.3,132,-7.5,10.6,15.3,7.4,9.9,35.1,18.4,13.9,84.2,15.8,11.4,58.2,30.4,56.2,0.8,537.1,20459,29652,717,"5,6",10.5,6.2,15.1,49.1,29.5,35.9,37.2,6.7,326.6,"1,2","34,2",18,"15,6",30.9,86.7,26.8,26.2,6.9,7.7,6.1,5,6.9
Niedersachsen,47,Hannover-Land II,12,954.9,309.3,283.5,8.3,323.9,-3.6,15.5,16.9,7.1,10.2,36.5,17.3,11.8,75.9,24.1,11.9,47.9,40.2,53.6,2.2,486.7,20136,40552,570.6,"4,1",9.9,4.8,11.9,43.5,39.9,44.9,41.8,5.6,431.6,"0,3",20,"23,1",27,29.6,107.8,27.4,36.2,7.2,7.7,6.6,4.5,7.4
Niedersachsen,48,Hildesheim,40,1206,277.1,258.1,6.8,229.7,-5.1,14,15.8,8.5,10.8,35.7,17.1,12.2,84.7,15.3,23.7,47.5,28.8,51.6,1.5,509.1,19957,25108,652,"5,8",11.3,6.9,12.7,45.1,35.3,36.7,35,6.2,319.2,"0,5","31,9","20,6",13,34.1,79.6,26.3,25.9,6.7,7.5,5.8,3.9,7.2
Niedersachsen,49,Salzgitter – Wolfenbüttel,40,1235.6,265.2,243.9,8,214.6,-5.7,16.2,16,7.6,10.3,35.8,17.9,12.3,81.8,18.2,13.4,49.2,37.4,55.6,1.1,524.9,19830,31071,651.3,"4,1",9.7,5.1,14.6,54.1,26.2,36.2,29,4.7,321,"0,6","43,1","18,1","11,2",27,94.6,26.4,30,8.1,8.5,7.7,6,7.9
Niedersachsen,50,Braunschweig,1,192.2,251.4,227,9.7,1308,-1.7,12.7,14.3,9.2,16.7,33.5,15.2,11,78.6,21.4,14,39.6,46.4,32.7,2,546.9,19803,43302,605.1,"6,2",10.4,5,9.8,36.3,49,44.5,37,4.7,501.1,"0,1","21,5","20,3",31,27.1,76.9,23.4,22.7,6.1,6.2,5.9,3.2,6.9
Niedersachsen,51,Helmstedt – Wolfsburg,40,1162,241.9,218.9,9.5,208.2,-3.5,13.9,15.7,7.3,12.9,35.7,16.5,12,78.2,21.8,14,46.6,39.3,51.8,3,512.2,21065,79429,977.4,"3,5",10.5,4.9,8.9,50.1,36.1,36.8,24.5,3.8,616.3,.,.,"11,6","18,4",15.9,65.8,25.3,26.1,5.8,6,5.5,4.5,5.8
Niedersachsen,52,Goslar – Northeim – Osterode,22,2121.9,255.2,238.2,6.7,120.3,-7.3,15.3,14.4,7.5,10,35.1,19,13.9,87.6,12.4,11.1,58.5,30.4,54.1,0.9,550.3,20180,25830,722.8,"5,8",10.1,4.3,14.2,50.4,31.1,31.4,36.4,6.5,326.9,"2,1","33,2",21,"11,4",32.3,76,25,20.9,6.7,7.3,5.9,4.6,6.7
Niedersachsen,53,Göttingen,32,1264,286.8,264.2,7.9,226.9,-3.4,22.8,15.3,10,13.9,33.5,16.2,11.1,84.2,15.8,20.6,46.7,32.7,45.3,1.8,528.1,19554,32407,627.8,"5,5",9.6,4.1,11.9,37.8,46.2,38,37.9,5.6,394.8,"0,5","22,3","18,9","19,9",38.3,63.9,23.9,21.1,6,6.6,5.4,4.7,5.6
Niedersachsen,903,Land insgesamt,973,47592.8,7926.6,7294.4,8,166.6,-3.2,15.6,16.7,8.1,11.8,35.7,16.6,11.1,83.3,16.7,17.4,48.6,34,54.4,3.3,493.8,20169,31824,691.8,"5,2",10.8,5.1,13,49.5,32.5,39.1,39.1,6.2,360.3,"1,3","29,7","22,5","17,8",28.7,76,26.9,27.6,6,6.3,5.6,3.4,6.3
Bremen,54,Bremen I,1,154.3,352.6,302.9,14.1,2284.9,-1.7,11.2,15.5,8.6,14.6,34.4,16,10.9,73.5,26.5,11.2,38.1,50.8,41.2,2.1,522.2,20582,47434,488.3,.,10.9,5.7,17.4,38.2,38.7,38.8,43.5,4.7,483.6,.,.,"25,3","25,2",26,145.4,27.4,39.2,9.8,10.4,9.2,7.3,9.1
Bremen,55,Bremen II – Bremerhaven,1,265.5,318.8,266.5,16.4,1200.9,-2.2,20.4,16.1,8.5,14,34.1,16.3,10.9,73.6,26.4,10.6,42.6,46.8,37.2,1.8,533.7,19465,43678,486.3,.,11.5,6.2,17.2,37,39.5,38.1,40.9,4.6,480.3,.,.,"27,5","22,6",27.1,162.2,27.4,35.3,11.1,11.6,10.5,8.3,10
Bremen,904,Land insgesamt,2,419.8,671.5,569.4,15.2,1599.4,-1.9,15.6,15.8,8.6,14.3,34.3,16.1,10.9,73.5,26.5,10.9,40.2,48.9,39.2,2,527.7,20054,45660,487.4,.,11.2,6,17.3,37.6,39.1,38.5,42.2,4.6,482,"0,1","23,1","26,3","23,9",26.5,153.4,27.4,37.3,10.4,11,9.8,7.8,9.5
Brandenburg,56,Prignitz – Ostprignitz-Ruppin – Havelland I,66,5673.7,209.5,203.8,2.7,36.9,-6.6,9.6,13.9,4.5,11.2,37.5,19.7,13.1,96.8,3.2,2.5,23.6,73.9,49,2.4,554.3,17936,22177,713.8,2,8.5,9.2,15.7,43.1,32,64.3,39.6,10.1,336,"5,2","28,6","21,7","11,2",33.3,102,21.8,10,8.9,9.4,8.3,7.9,9.4
Brandenburg,57,Uckermark – Barnim I,55,4251.6,219.9,212.8,3.2,51.7,-6.3,12.4,14.4,4.4,10.6,37.4,20.2,13.1,95.9,4.1,2.6,16.6,80.8,42.2,3.2,546.3,18121,21832,681.9,"1,3",8.4,9.1,14.5,44.4,32,68.1,37.6,9.2,297.4,4,"26,2","23,5","12,4",34,113.1,21.9,8.1,10.3,11.1,9.4,9.7,11
Brandenburg,58,Oberhavel – Havelland II,25,2206.2,295.8,287.1,2.9,134.1,-2.7,18.9,16.8,5,10.3,39.9,17.3,10.6,94.9,5.1,4.6,17.5,77.9,52.7,5.9,480.6,18806,23162,672.3,"1,8",8.8,6.4,14.4,43.2,36,71,39.5,9,274.9,2,"29,1","25,8","13,6",29.4,71.7,23.4,10.5,6.7,7.2,6.1,4.9,7.8
Brandenburg,59,Märkisch-Oderland – Barnim II,49,2463.6,269.3,262.1,2.7,109.3,-4.3,17.5,15.3,4.1,10.8,39.8,18.6,11.5,95.9,4.1,2.6,11.9,85.5,53.4,4.3,497.2,18742,18622,697.2,"1,4",7.7,8.3,12.6,46.8,32.3,73.4,43.2,11.3,262.9,"2,8","22,5",27,"12,9",34.8,81.6,22.5,9.3,7,7.9,6,6.5,8.4
Brandenburg,60,Brandenburg an der Havel – Potsdam-Mittelmark I – Havelland III – Teltow-Fläming I,37,3149.6,220.3,213.2,3.2,69.9,-5.8,15.1,13.9,4.4,11.9,36.6,19.7,13.5,95.4,4.6,2.5,16.1,81.4,43,2.4,545.9,18930,24020,648.7,2,7.9,7.4,13.8,40.1,38.8,72.8,40.4,9,329.3,"2,1","24,9","24,4","17,5",31.1,81.3,23.2,11.8,7,7.9,6,6.8,7.9
Brandenburg,61,Potsdam – Potsdam-Mittelmark II – Teltow-Fläming II,9,673.3,310.5,294.1,5.3,461.2,-0.5,20.9,17.5,5.6,13.8,36.9,15.8,10.4,93.7,6.3,4.8,16.6,78.7,30.3,5.9,500.9,19217,30931,586,"2,4",8.8,4.7,10.4,35.2,49.7,86.7,46,8,408.4,"1,3","13,5","20,3","29,8",35.1,69.9,24.9,20.4,6,6.9,5.1,5.2,6.8
Brandenburg,62,Dahme-Spreewald – Teltow-Fläming III – Oberspreewald-Lausitz I,51,4025.8,300.9,290.2,3.6,74.7,-4,17.3,15.2,4.8,11.3,38.6,18,12.1,95.2,4.8,3.4,18.9,77.7,51.6,3.7,502.2,19225,31015,722.4,1,8.4,7.5,11.5,46,35,70.1,43.6,10.3,361.6,"3,1",27,32,"14,5",23.4,68.6,23.9,13.7,5.8,6.2,5.3,4,6.9
Brandenburg,63,Frankfurt (Oder) – Oder-Spree,38,2404.6,240.5,226.1,6,100,-5.5,24.6,14.6,5.2,11.4,36.3,19.4,13,95.2,4.8,2.9,12.7,84.4,40,2.9,531.6,18268,25059,655.5,"2,4",8.5,8.1,11.3,45.4,35.2,69,38.3,9.3,345.2,"1,9","24,2","21,2","15,8",36.9,97.2,23.8,14.1,8.2,8.9,7.4,8.6,8.9
Brandenburg,64,Cottbus – Spree-Neiße,31,1822.6,217.3,209.1,3.8,119.2,-6.6,5.6,13.4,5,12.1,36.2,20,13.4,95.1,4.9,3.1,15.8,81,36.6,2.3,560.8,18308,33052,655,2,8.2,8.1,15.3,41.1,35.5,66.9,39.5,9.9,375.8,"1,5","26,7","20,3","17,9",33.6,109,22,14.5,8.8,9.8,7.8,4.2,9
Brandenburg,65,Elbe-Elster – Oberspreewald-Lausitz II,57,2983.3,200.9,196.8,2,67.3,-7.8,2.3,13.3,3.9,10.5,37.1,20.7,14.5,97.3,2.7,3,21.4,75.6,50,1,557.1,17818,22044,728.6,"1,3",7.9,7.9,16,46.8,29.3,63.3,36.4,10.6,324,"3,6","33,2","19,7","12,9",30.5,102.2,21.7,8.7,9.6,10,9.2,3.6,12.1
Brandenburg,912,Land insgesamt,418,29654.4,2484.8,2395,3.6,83.8,-4.7,15.2,15,4.7,11.4,37.7,18.7,12.3,95.4,4.6,3.3,17,79.7,44.9,3.6,523.5,18599,25419,674,"1,7",8.4,7.5,13.3,43,36.2,71.3,40.7,9.6,332.3,"2,6","24,8","23,7","16,8",32.1,87.4,22.9,12.1,7.6,8.3,6.8,6,8.7
Sachsen-Anhalt,66,Altmark,38,4716.2,201.4,194.6,3.4,42.7,-6.4,9.6,14.9,4.8,11.5,37.5,18.8,12.5,97.1,2.9,2.5,23.1,74.3,51.2,1.5,551.8,17755,21436,700.8,"2,1",8.7,11,10.7,49.2,29.1,61,35.6,9.7,314.1,"5,2","28,1","21,3",11,34.4,108.1,22.3,9.5,9.9,10.3,9.4,7.5,10
Sachsen-Anhalt,67,Börde – Jerichower Land,42,3943.5,265.2,257.6,2.8,67.2,-5.6,9.2,14.7,4.4,11.3,38.5,19.2,11.9,97.3,2.7,3.5,16.1,80.4,55.9,1.4,533.9,19054,24871,726.4,"1,2",7.5,9.1,6.9,58.8,25.2,68.8,34.5,9.3,327.8,"3,7","36,4","24,9","9,5",25.6,81.9,22.3,12.4,7.2,7.7,6.6,5.8,8.6
Sachsen-Anhalt,68,Harz,22,2339.6,257.4,248.5,3.5,110,-8.6,15.4,13.9,4.8,10.9,35.8,20.9,13.7,97.2,2.8,3.4,14.5,82,44.9,1.4,580.7,17779,21303,650.2,"1,9",7.7,8.9,9.2,51.9,30.1,58.8,36,8.5,328.4,"1,9","31,9","22,3","10,8",33,91.5,20.7,4.8,7.6,8.1,7,4.3,8
Sachsen-Anhalt,69,Magdeburg,5,588.6,292.4,276.2,5.6,496.7,-4.1,15.5,13.9,7.2,15,32.5,18.6,12.9,93.6,6.4,3.6,9.1,87.2,22.7,2.5,600,16976,30064,541.3,"2,2",7.1,10.9,8.5,44,36.6,70.3,36.2,6.5,431.3,"0,3","18,4","18,9",26,36.4,133.8,23.3,19.9,10,10.7,9.1,10.4,10
Sachsen-Anhalt,70,Dessau – Wittenberg,10,2175.1,211.4,204.4,3.3,97.2,-8.4,6.3,13,4.3,10.7,35.5,21.6,14.9,96.8,3.2,3.4,14.7,81.9,45.7,0.7,584.7,18156,24551,656.3,"2,2",7.2,9.8,8,52.1,30.2,59.8,38.8,9,354.1,"2,3","31,1","19,6","16,1",31,105.3,23,12.6,9.1,9.6,8.6,6.9,9.9
Sachsen-Anhalt,71,Anhalt,25,2257.6,268.8,260.7,3,119.1,-8.6,7.3,13.4,4.6,11.1,36.5,20.8,13.6,96.7,3.3,4,12.8,83.3,48.2,1,579.9,17535,23861,653.7,"1,7",6.9,9.9,11.6,52.2,26.4,59.6,34.1,8.4,325.9,"2,3","35,7","20,1","12,8",29.1,116.2,21.9,11.4,9.2,9.5,8.9,6.9,9.8
Sachsen-Anhalt,72,Halle,4,414.1,270.4,253.3,6.3,653.1,-3.7,19.2,14.7,7.9,15.3,32,18.4,11.7,93.6,6.4,3.7,9.2,87.1,21.1,0.6,593,16697,27422,476.7,"1,9",7.2,10.8,10.1,42,37.1,70.6,32.2,5.1,404.1,"0,3","14,6","19,4","26,9",38.8,146.4,26.9,23.3,9.8,10.9,8.6,10.4,9.3
Sachsen-Anhalt,73,Burgenland – Saalekreis,37,1711.6,231.8,222.7,3.9,135.4,-7.5,7.2,13.6,4.4,11.2,36.4,20.2,14.1,97,3,2.8,13.4,83.8,46.6,1,568.1,17949,23296,678.7,"1,4",7,11.6,9.1,48.2,31.1,62.5,35.2,8.7,321.9,"2,1","33,1","23,5","13,2",28.1,106.2,22.3,8.8,8.8,8.9,8.7,8.7,9.2
Sachsen-Anhalt,74,Mansfeld,35,2305.6,246.7,239.7,2.8,107,-7.9,5.8,13.5,4.3,10.6,36.3,21.6,13.7,97.4,2.6,3.3,11.8,84.9,52.8,1,556,17920,22978,703.3,"1,5",6.7,13.8,10.8,54.1,21.3,59.4,34.8,8.7,321.5,"2,3",33,"24,8","12,7",27.1,111.4,22.8,9.4,10.2,10.5,9.9,9.4,11.1
Sachsen-Anhalt,915,Land insgesamt,218,20451.7,2245.5,2157.6,3.9,109.8,-6.7,10.9,14,5.3,12.1,35.6,20,13.2,96.2,3.8,3.4,13.6,83,42.2,1.3,572.8,17735,24600,638.4,"1,8",7.3,10.6,9.4,50.2,29.8,63.7,35.2,8.1,350,2,"28,1","21,4","16,5",32,111.9,23.1,13.5,9.1,9.6,8.5,7.8,9.5
Berlin,75,Berlin-Mitte,1,39.5,354.3,250,29.4,8972,1,11.7,15.8,7.1,17.1,35.1,15.4,9.4,75.9,24.1,10.3,16.1,73.7,6.6,2.5,540.5,18594,34171,394.2,"2,2",8.6,10,14.3,33.6,42.2,44.7,50.7,4.9,396.1,0,"13,8","22,3",30,33.9,159.3,26.4,30.9,9.4,10.2,8.4,12.6,9.5
Berlin,76,Berlin-Pankow,1,96.8,314,283,9.9,3244.8,1.1,11.7,15.8,7.1,17.1,35.1,15.4,9.4,75.9,24.1,6.5,13.5,80,15.6,2.5,540.5,18594,34171,394.2,"2,2",8.6,10,14.3,33.6,42.2,44.7,50.7,4.9,391.1,0,"13,8","22,3",30,33.9,159.3,26.4,30.9,9.4,10.2,8.4,12.6,9.5
Berlin,77,Berlin-Reinickendorf,1,89.4,252.1,216.7,14.1,2820.6,1.1,11.7,15.8,7.1,17.1,35.1,15.4,9.4,75.9,24.1,10.9,28.8,60.3,25,2.5,540.5,18594,34171,394.2,"2,2",8.6,10,14.3,33.6,42.2,44.7,50.7,4.9,392.3,0,"13,8","22,3",30,33.9,159.3,26.4,30.9,9.4,10.2,8.4,12.6,9.5
Berlin,78,Berlin-Spandau – Charlottenburg Nord,1,99.5,262.4,222.2,15.3,2636.3,1,11.7,15.8,7.1,17.1,35.1,15.4,9.4,75.9,24.1,10.3,27.6,62.1,18.7,2.5,540.5,18594,34171,394.2,"2,2",8.6,10,14.3,33.6,42.2,44.7,50.7,4.9,396,0,"13,8","22,3",30,33.9,159.3,26.4,30.9,9.4,10.2,8.4,12.6,9.5
Berlin,79,Berlin-Steglitz-Zehlendorf,1,102.6,286.5,258.7,9.7,2791.9,1.2,11.7,15.8,7.1,17.1,35.1,15.4,9.4,75.9,24.1,12.2,31.4,56.5,27.7,2.5,540.5,18594,34171,394.2,"2,2",8.6,10,14.3,33.6,42.2,44.7,50.7,4.9,389.3,0,"13,8","22,3",30,33.9,159.3,26.4,30.9,9.4,10.2,8.4,12.6,9.5
Berlin,80,Berlin-Charlottenburg-Wilmersdorf,1,57.1,277.7,227.2,18.2,4860.2,1.1,11.7,15.8,7.1,17.1,35.1,15.4,9.4,75.9,24.1,12.6,24.5,62.9,15.3,2.5,540.5,18594,34171,394.2,"2,2",8.6,10,14.3,33.6,42.2,44.7,50.7,4.9,392.4,0,"13,8","22,3",30,33.9,159.3,26.4,30.9,9.4,10.2,8.4,12.6,9.5
Berlin,81,Berlin-Tempelhof-Schöneberg,1,53.1,333.7,279.2,16.3,6286.8,1,11.7,15.8,7.1,17.1,35.1,15.4,9.4,75.9,24.1,12.1,25.1,62.8,18.5,2.5,540.5,18594,34171,394.2,"2,2",8.6,10,14.3,33.6,42.2,44.7,50.7,4.9,394.3,0,"13,8","22,3",30,33.9,159.3,26.4,30.9,9.4,10.2,8.4,12.6,9.5
Berlin,82,Berlin-Neukölln,1,45,318.7,246.2,22.7,7088.6,1.1,11.7,15.8,7.1,17.1,35.1,15.4,9.4,75.9,24.1,10.6,21.4,68,14.5,2.5,540.5,18594,34171,394.2,"2,2",8.6,10,14.3,33.6,42.2,44.7,50.7,4.9,391.3,0,"13,8","22,3",30,33.9,159.3,26.4,30.9,9.4,10.2,8.4,12.6,9.5
Berlin,83,Berlin-Friedrichshain-Kreuzberg – Prenzlauer Berg Ost,1,26.9,339.8,273.3,19.6,12655.6,1,11.7,15.8,7.1,17.1,35.1,15.4,9.4,75.9,24.1,8.7,14.6,76.7,5.6,2.5,540.5,18594,34171,394.2,"2,2",8.6,10,14.3,33.6,42.2,44.7,50.7,4.9,395.4,0,"13,8","22,3",30,33.9,159.3,26.4,30.9,9.4,10.2,8.4,12.6,9.5
Berlin,84,Berlin-Treptow-Köpenick,1,167.8,251.2,237.1,5.6,1496.7,1.1,11.7,15.8,7.1,17.1,35.1,15.4,9.4,75.9,24.1,3.9,11.1,85,20.4,2.5,540.5,18594,34171,394.2,"2,2",8.6,10,14.3,33.6,42.2,44.7,50.7,4.9,393.9,0,"13,8","22,3",30,33.9,159.3,26.4,30.9,9.4,10.2,8.4,12.6,9.5
Berlin,85,Berlin-Marzahn-Hellersdorf,1,61.9,256.3,239.4,6.6,4143.3,1.1,11.7,15.8,7.1,17.1,35.1,15.4,9.4,75.9,24.1,3.2,8.3,88.5,19.4,2.5,540.5,18594,34171,394.2,"2,2",8.6,10,14.3,33.6,42.2,44.7,50.7,4.9,392.9,0,"13,8","22,3",30,33.9,159.3,26.4,30.9,9.4,10.2,8.4,12.6,9.5
Berlin,86,Berlin-Lichtenberg,1,52.2,273.3,241.4,11.7,5239.7,1,11.7,15.8,7.1,17.1,35.1,15.4,9.4,75.9,24.1,3.8,8,88.2,6.1,2.5,540.5,18594,34171,394.2,"2,2",8.6,10,14.3,33.6,42.2,44.7,50.7,4.9,397.7,0,"13,8","22,3",30,33.9,159.3,26.4,30.9,9.4,10.2,8.4,12.6,9.5
Berlin,911,Land insgesamt,1,891.7,3520,2974.4,15.5,3947.6,1.1,11.7,15.8,7.1,17.1,35.1,15.4,9.4,75.9,24.1,8.9,19.2,71.9,15.6,2.5,540.5,18594,34171,394.2,"2,2",8.6,10,14.3,33.6,42.2,44.7,50.7,4.9,393.6,0,"13,8","22,3",30,33.9,159.3,26.4,30.9,9.4,10.2,8.4,12.6,9.5
Nordrhein-Westfalen,87,Aachen I,1,160.9,245.9,207.3,15.7,1528.7,-0.7,10.6,13.9,14.6,18.3,30,13.6,9.6,75.4,24.6,49.7,15.3,35,27.5,2,548.3,19652,33418,582.7,"2,6",11.2,5.1,15.4,36.7,42.9,33.8,44.1,7.1,372.5,"0,2","23,2","20,1","22,7",33.8,100,25,30.4,8.2,8.4,7.9,4.2,9
Nordrhein-Westfalen,88,Aachen II,9,546.1,308,274.4,10.9,564.1,-3.1,14.9,17,7.9,11.1,36.3,16.8,10.9,75.4,24.6,60.7,13.6,25.7,48.9,2.7,476.7,19652,33418,582.7,"2,6",11.2,5.1,15.4,36.7,42.9,33.8,44.1,7.1,373.1,"0,2","23,2","20,1","22,7",33.8,100,25,30.4,8.2,8.4,7.9,4.2,9
Nordrhein-Westfalen,89,Heinsberg,10,628,252.5,225.4,10.8,402.1,-3.1,15.6,17,8.1,11.2,37.2,16.2,10.4,79.4,20.6,61.5,17,21.5,59.1,4.3,463.9,18979,23143,697.4,"2,2",12.6,5.3,13.1,45.3,36.2,32.6,42.3,8.1,265.6,1,"29,2",25,"14,4",30.5,70.2,28.9,21.1,6,6.1,5.8,3.4,6.6
Nordrhein-Westfalen,90,Düren,15,941.4,262.8,237.4,9.7,279.2,-3.7,17.7,16.7,8.5,11.4,36.2,16.6,10.5,80.9,19.1,60.7,13.4,25.8,56.2,2.6,468.2,20228,26518,693.2,"2,2",12,5.4,16.5,41.3,36.8,33.4,38.6,7.8,313,"0,8","30,8",17,"24,3",27.1,87.4,27.7,23.5,7.2,7.4,6.9,4.5,6.6
Nordrhein-Westfalen,91,Rhein-Erft-Kreis I,7,525.3,336.1,297.2,11.6,639.9,-1.5,16.9,17.2,7.7,11.4,37,16.7,10,78,22,51.3,16.5,32.2,54.9,3.9,468.4,21542,30472,662.9,2,10.9,3.6,13.3,43.6,39.5,36.4,42.2,6.4,293.5,"0,8","26,5","30,6","17,4",24.7,82.6,28.1,32.8,7.1,7.2,6.9,4.3,8.6
Nordrhein-Westfalen,92,Euskirchen – Rhein-Erft-Kreis II,14,1428.1,321.7,293.4,8.8,225.3,-3.3,17.9,16.9,7.7,10.8,36.9,16.7,11,81.5,18.5,58.2,16.1,25.6,58.1,3.4,470.7,21000,27111,754.6,"2,2",11.8,4.6,15.2,40.9,39.3,34.2,42.6,7.7,292.9,"0,8","27,7",27,"15,3",29.1,69,28,27.2,6.2,6.4,6,3,7.3
Nordrhein-Westfalen,93,Köln I,1,128.3,291.4,228.8,21.4,2271.2,1.6,10.1,15.9,8.5,16.9,36.2,13.6,8.9,67.7,32.3,37.2,16.4,46.4,28.1,3.7,521.7,20799,54704,501,"2,8",9.5,5.1,16.6,36.9,41.4,38.6,56.3,5.5,513.6,0,"14,9","22,3","37,4",25.3,113.7,27,39.2,8.5,9.1,7.8,5.7,10.8
Nordrhein-Westfalen,94,Köln II,1,101.6,316.9,275.1,13.3,3120.4,1.6,10.1,15.9,8.5,16.9,36.2,13.6,8.9,67.7,32.3,39.5,19,41.6,28.1,3.7,521.7,20799,54704,501,"2,8",9.5,5.1,16.6,36.9,41.4,38.6,56.3,5.5,511.8,0,"14,9","22,3","37,4",25.3,113.7,27,39.2,8.5,9.1,7.8,5.7,10.8
Nordrhein-Westfalen,95,Köln III,1,122.9,304.5,245.3,19.4,2476.6,1.6,10.1,15.9,8.5,16.9,36.2,13.6,8.9,67.7,32.3,38.3,15.1,46.6,26.7,3.7,521.7,20799,54704,501,"2,8",9.5,5.1,16.6,36.9,41.4,38.6,56.3,5.5,513.6,0,"14,9","22,3","37,4",25.3,113.7,27,39.2,8.5,9.1,7.8,5.7,10.8
Nordrhein-Westfalen,96,Bonn,1,141.1,318.8,272.2,14.6,2260.1,1.4,13.3,17.3,9.6,15.6,34.3,13.6,9.7,69,31,39,22,39,33.7,3.3,529.3,23005,74287,769.3,"3,7",13.6,2.8,12.7,34.4,50.1,41.6,48.8,4.9,540.4,"0,1","8,1","15,3","32,7",43.8,99.7,30.6,35.9,6.7,7.4,6,4.6,7.2
Nordrhein-Westfalen,97,Rhein-Sieg-Kreis I,10,660.7,312.8,282.4,9.7,473.5,-1.4,17.1,17.9,7.9,11.3,37,16,9.9,77.9,22.1,43.9,23.4,32.7,55.7,3.8,460.6,22669,28152,683.6,"1,7",11,4.1,12.5,39.4,44,36,44.5,7,258.5,"0,9","26,9","24,9","17,4",29.9,65,28.7,31.2,5.2,5.7,4.8,3.5,5.3
Nordrhein-Westfalen,98,Rhein-Sieg-Kreis II,9,492.5,283.4,258,8.9,575.4,-1.3,20.4,17.6,7.7,10.6,36.3,16.8,11,77.9,22.1,48.7,22.6,28.8,57.6,4.6,465.1,22669,28152,683.6,"1,7",11,4.1,12.5,39.4,44,36,44.5,7,259.4,"0,9","26,9","24,9","17,4",29.9,65,28.7,31.2,5.2,5.7,4.8,3.5,5.3
Nordrhein-Westfalen,99,Oberbergischer Kreis,13,918.8,273.5,249.6,8.7,297.6,-3.1,13.4,17.6,8.2,11.1,36.1,15.9,11.1,73.1,26.9,30.6,37.8,31.6,57.4,2.1,472,22192,32506,734.4,"1,7",13.6,3.8,14.1,44.8,37.3,33,43.8,7.4,374.2,"0,4","41,4","16,2","19,1",23,57.4,26.3,29.4,5.5,5.7,5.3,3,6.6
Nordrhein-Westfalen,100,Rheinisch-Bergischer Kreis,8,437.3,282.7,258.4,8.6,646.5,-3.1,14.2,16.9,7.2,9.7,37.2,17,12,80.9,19.1,39.8,26.5,33.7,54.1,2.8,485.8,24567,24121,710.1,"2,5",10.6,3.7,11.4,39.2,45.6,35.5,51.9,8.5,256.1,"0,5","27,3","23,5","16,6",32.1,62.4,26.1,31.9,6.3,6.7,5.8,3.3,7.6
Nordrhein-Westfalen,101,Leverkusen – Köln IV,1,131.1,311.3,257.2,17.4,2374.7,-0.3,12,16.4,8,14.3,36.2,14.6,10.5,67.8,32.2,38.8,19.2,42.1,30.9,2.7,508.8,20442,49465,552.2,"3,2",10.6,4.2,14.7,36.5,44.6,37.2,44.8,5.4,447.1,"0,1","22,9","20,3","31,5",25.2,112,28.1,37.6,8.5,8.9,8.1,6.5,9.6
Nordrhein-Westfalen,102,Wuppertal I,1,130.8,308.6,252.8,18,2359.2,-2.5,14.8,16.5,8.4,13.1,35.1,15.8,11.2,68.2,31.8,22.5,32,45.5,31.2,1.1,547.3,20746,34703,543.5,"3,3",10.8,6.2,19,35.8,39.1,32.3,41.5,6.5,348.8,0,"28,9",21,"19,8",30.3,141.8,30.3,38.8,9.6,10.4,8.7,8.2,7.6
Nordrhein-Westfalen,103,Solingen – Remscheid – Wuppertal II,2,201.6,309.6,266.1,14.1,1535.7,-3.9,13,16.6,7.9,11.7,36.2,16.1,11.5,70.3,29.7,24.3,34.8,40.9,38.9,1.2,527.9,22492,31804,619.8,"2,4",11.8,5.8,18.3,36.8,39,33.7,45.1,7.7,353.6,"0,1","38,3","19,6",16,26,110.1,28.8,36.4,8.9,9.3,8.4,7.3,7.6
Nordrhein-Westfalen,104,Mettmann I,6,183.8,266.9,239.4,10.3,1452.2,-3.7,14,16.3,6.9,10.5,36.4,17.5,12.4,75.6,24.4,34.8,28.4,36.9,47.1,2.5,501.5,24519,36953,677.9,"1,9",10.7,4.9,14.1,42,39,35,48.3,6.8,375.7,"0,2","31,7","28,3","18,8",21,80.3,28,33.3,6.4,6.8,6.1,3.3,7.5
Nordrhein-Westfalen,105,Mettmann II,4,223.4,216.4,190.8,11.8,968.5,-4.4,16.5,16.4,7,10.3,36.4,17.5,12.3,75.6,24.4,31.2,31.3,37.5,45,1.2,507.6,24519,36953,677.9,"1,9",10.7,4.9,14.1,42,39,35,48.3,6.8,376.5,"0,2","31,7","28,3","18,8",21,80.3,28,33.3,6.4,6.8,6.1,3.3,7.5
Nordrhein-Westfalen,106,Düsseldorf I,1,129.6,324,263,18.8,2499.6,0.3,11.2,15.6,7.3,16,36.2,14.7,10.2,67.1,32.9,31.8,21.1,47.1,25.1,3.9,552.5,24128,77556,562.8,3,9.4,5,13,39.3,42.8,39.4,64.4,6.9,663.2,"0,1","12,4","23,1","40,6",23.7,104.9,26.6,40.4,7.7,8.2,7.1,5,9.4
Nordrhein-Westfalen,107,Düsseldorf II,1,87.8,288.2,234.6,18.6,3282.6,0.4,11.2,15.6,7.3,16,36.2,14.7,10.2,67.1,32.9,34,19.8,46.1,23,3.9,552.5,24128,77556,562.8,3,9.4,5,13,39.3,42.8,39.4,64.4,6.9,654.8,"0,1","12,4","23,1","40,6",23.7,104.9,26.6,40.4,7.7,8.2,7.1,5,9.4
Nordrhein-Westfalen,108,Neuss I,4,347.6,295.7,257.7,12.8,850.6,-1.8,19.8,17.5,7.5,11.7,36.8,15.9,10.6,77,23,48.8,19.1,32.1,47.1,1.9,471.1,23689,38839,672.9,"1,4",11.3,2.6,11,41,45.4,36.5,44.8,6.7,324.6,"0,7","28,1","31,4","16,9",22.9,71.2,28.2,31.9,5.7,5.9,5.4,2.6,6.5
Nordrhein-Westfalen,109,Mönchengladbach,1,170.5,260,225.9,13.1,1525.2,-3.1,14.8,16.2,8.4,12.9,35.5,16.2,10.7,74.2,25.8,51.9,18.3,29.8,39.2,1.2,523.9,20705,30713,579.5,"3,2",12.2,8.3,19.7,33.2,38.7,30.5,43.4,7.6,364.9,"0,3","23,1","25,6","22,4",28.6,153.4,29.4,30.8,9.9,10,9.9,6.8,9.3
Nordrhein-Westfalen,110,Krefeld I – Neuss II,5,302.6,269.4,239.9,10.9,890.2,-3.5,15.7,16.4,7.1,10.6,36.9,17.2,11.7,74.8,25.2,45.4,21.4,33.2,49.3,1.8,502.6,22513,38053,630.3,"2,5",11.7,4.8,13.9,39,42.3,35.3,44.4,6.7,352.9,"0,6","29,1","27,5","17,7",25,97.6,26,31.3,7.8,8.1,7.4,3.6,8.4
Nordrhein-Westfalen,111,Viersen,9,563.3,297.7,271.5,8.8,528.5,-3.6,12.1,16.3,7.6,10.4,37.8,16.9,11,83.2,16.8,55.5,19.1,25.5,54.9,2.7,477.1,21988,26378,708.3,"1,5",12,3.4,12.6,41.2,42.8,32.4,48.5,8.4,293.3,"2,2",30,"27,5","13,3",27.1,70.2,27.2,24.4,6.7,7,6.3,2.8,8.1
Nordrhein-Westfalen,112,Kleve,16,1233,310.3,269.1,13.3,251.7,-3,21.3,16.9,8.5,11.7,36.6,16.2,10.1,81.7,18.3,62.9,17.1,20,57.7,3.9,457.7,19649,26786,693.2,"2,8",10.9,6.4,16.6,46.5,30.4,33.5,44.6,7.7,314.9,"4,9","24,3",24,"16,7",30.1,62.2,25.7,23.4,6.4,6.5,6.3,3.1,6.8
Nordrhein-Westfalen,113,Wesel I,10,884,263.5,244.3,7.3,298.1,-4.5,16.2,16,7.6,10.5,37.1,17.5,11.3,81,19,43.1,32,25,54.2,3,461.4,20936,26874,686.5,3,11.3,5.3,15,39.8,39.9,31.3,39.2,6.3,283.5,"0,8","27,4","25,5","16,4",29.9,79,25.8,25.5,7.1,7.3,6.8,3.8,7.1
Nordrhein-Westfalen,114,Krefeld II – Wesel II,2,175.3,241.8,212.7,12.1,1379.8,-3.6,16.1,15.8,7.7,11.7,35.8,17.3,11.8,76.8,23.2,36.2,28.5,35.3,41.1,1.2,508.9,20940,31486,634.8,"3,4",11.8,6.4,16.3,38.2,39.2,32.4,41.4,6.5,333.2,"0,6",29,"24,3","17,6",28.5,103.6,25,28.6,8.7,9,8.4,4.4,8.8
Nordrhein-Westfalen,115,Duisburg I,1,118.6,243,203.7,16.3,2049.1,-3.5,13.8,16.5,8.4,12.9,35.3,15.6,11.2,68.8,31.2,30.8,26.5,42.7,30.5,1.1,522.9,16761,34392,515,"2,2",10,6.4,17.7,37.3,38.6,31.3,30.3,4.5,341,"0,1","27,6","23,2","21,5",27.6,160.1,27.8,38.9,13.1,12.9,13.2,9.7,11.2
Nordrhein-Westfalen,116,Duisburg II,1,114.2,248.2,200,19.3,2173.4,-3.6,13.8,16.5,8.4,12.9,35.3,15.6,11.2,68.8,31.2,31.1,25.5,43.4,26.7,1.1,522.9,16761,34392,515,"2,2",10,6.4,17.7,37.3,38.6,31.3,30.3,4.5,342,"0,1","27,6","23,2","21,5",27.6,160.1,27.8,38.9,13.1,12.9,13.2,9.7,11.2
Nordrhein-Westfalen,117,Oberhausen – Wesel III,2,124.8,278.4,245.1,12,2231.6,-4.5,11.3,15.4,7.9,12.1,36.2,17.1,11.4,77.6,22.4,38.8,28.4,32.8,35.7,1.4,513.3,18676,27526,602,"2,2",10.7,5.8,16.8,37.8,39.6,30.2,34.5,5.9,299.3,"0,2","27,3","24,5","20,2",27.8,123.1,26.1,28.7,10,10.4,9.6,7.4,9.2
Nordrhein-Westfalen,118,Mülheim – Essen I,1,115.8,252.4,221.9,12.1,2180,-4.2,17.6,15.4,7.6,12.2,35.3,17.1,12.4,76.1,23.9,35.4,29.8,34.7,32.7,1.8,533.8,21940,37868,587.8,"2,1",10.2,6,12.5,34.9,46.5,33.6,41.8,5.3,371.8,"0,1","25,3","22,8","25,7",26.1,135.3,29.8,37.5,9.4,9.8,9.1,5.2,8.9
Nordrhein-Westfalen,119,Essen II,1,67.7,246.2,200.5,18.5,3636.8,-3.2,18.4,15.5,8.3,13.9,34.5,16.2,11.5,75.5,24.5,36.2,26.6,37.2,23.7,1.8,535.7,20046,44555,545.9,"2,7",10.4,6.8,12.4,36.8,44,33.1,39.7,5.2,418.9,"0,1",17,"20,9","31,6",30.5,157.2,28.1,34,11.9,12.6,11.1,10.5,9.9
Nordrhein-Westfalen,120,Essen III,1,118.1,253.3,226.7,10.6,2144.1,-3.1,18.4,15.5,8.3,13.9,34.5,16.2,11.5,75.5,24.5,38.3,28.1,33.6,30.4,1.8,535.7,20046,44555,545.9,"2,7",10.4,6.8,12.4,36.8,44,33.1,39.7,5.2,413.3,"0,1",17,"20,9","31,6",30.5,157.2,28.1,34,11.9,12.6,11.1,10.5,9.9
Nordrhein-Westfalen,121,Recklinghausen I,3,165.3,217.9,197.2,9.5,1318.5,-5.1,10.7,15.4,7.5,11.2,36.6,17.8,11.5,79.9,20.1,40.3,29.6,30.1,39.1,1.3,529.4,19382,24833,627.9,"3,6",11.2,6.9,15.9,43,34.1,31.7,33.5,5.5,259.3,"0,5","27,4","22,7",14,35.4,122.8,26.7,25.9,10.5,10.8,10.1,6.6,10.3
Nordrhein-Westfalen,122,Recklinghausen II,5,388.9,249,224.2,10,640.3,-4.4,12.6,15.6,7.6,10.8,37,17.3,11.8,79.9,20.1,42.4,28.1,29.5,43.1,2.1,503.7,19382,24833,627.9,"3,6",11.2,6.9,15.9,43,34.1,31.7,33.5,5.5,259.9,"0,5","27,4","22,7",14,35.4,122.8,26.7,25.9,10.5,10.8,10.1,6.6,10.3
Nordrhein-Westfalen,123,Gelsenkirchen,1,104.9,260.4,216.1,17,2481.1,-3.8,13.9,16.8,8.3,12.6,35.4,16.1,10.8,70.6,29.4,33.7,30,36.3,24.1,0.6,530.7,16135,29716,516.4,3,12,9.6,21.1,37.6,31.7,33,29.4,4.6,300.2,"0,1","24,7","20,4","21,8",33,201.6,28.7,37.4,14.1,14.3,13.8,10.9,12.3
Nordrhein-Westfalen,124,Steinfurt I – Borken I,12,978.1,272.2,245.2,9.9,278.3,-1,13.1,19,8.9,11.7,36.1,14.5,9.6,84.4,15.6,65.2,16.8,18,60.9,5.1,437,20497,30146,688,"3,9",13.8,4.3,14.9,50.4,30.4,38.3,42.7,7.7,357.7,"1,1","36,4","24,2","13,5",24.7,52.2,29.2,31.9,4.4,4.5,4.3,2.2,4.9
Nordrhein-Westfalen,125,Bottrop – Recklinghausen III,3,307.8,268,242.8,9.4,870.8,-4.5,13.6,16.1,7.7,11.1,36.4,17.4,11.2,78.5,21.5,46.9,25,28.1,40.6,1.7,499.6,19296,22714,631.8,"2,6",10.7,5.9,16.9,41.9,35.4,30.8,33.7,5.7,269.8,"0,5","28,3","22,4","14,3",34.5,115.1,26.2,27.1,9.5,9.9,9,6.2,9.1
Nordrhein-Westfalen,126,Borken II,12,996.4,260.3,242.4,6.9,261.3,-0.8,13,18.4,8.7,11.6,36.7,14.8,9.8,85.3,14.7,73,11.9,15.1,61.1,4.8,432.4,20527,32339,683.9,"3,5",14,4.4,13.9,53,28.7,38.7,47.5,9.1,378.4,"1,2","40,8","21,8","13,2",23,48,28.5,31,3.9,4,3.8,1.4,4.9
Nordrhein-Westfalen,127,Coesfeld – Steinfurt II,14,1261.8,244.8,231.2,5.6,194,-1.2,12.2,18,8.2,10.4,37.4,15.9,10.1,88.1,11.9,67.1,16.6,16.3,59,3.9,436.6,21996,25635,716.9,"3,3",13.1,4.3,13.4,45.5,36.7,37.6,43.7,7.7,307,"1,9","30,1","24,2","13,3",30.4,42.2,27.7,27,3.3,3.6,2.9,2,3.7
Nordrhein-Westfalen,128,Steinfurt III,14,1092.5,254.1,234.8,7.6,232.6,-1.3,16.1,18.3,8.4,11.2,37,14.9,10.3,83.8,16.2,51.2,29.7,19.1,60.6,5,434.2,20477,28668,690.7,"4,2",13.7,4.1,15.6,48.6,31.6,38.1,39.5,6.7,344.5,1,"33,2",26,"13,8",26,55.1,29.6,32.4,4.8,4.9,4.6,2.9,4.9
Nordrhein-Westfalen,129,Münster,1,303.3,310,280.7,9.5,1022.3,1.6,22.9,15,12.6,18.1,32.5,12.7,9.1,79.6,20.4,51.3,21.5,27.3,32.4,4.8,522.6,22127,55024,517,"4,6",10.9,5.7,11.7,32.3,50.4,37,45.7,5,530.4,"0,4",13,"18,7","29,3",38.5,73.7,28.7,31.3,5.5,6.3,4.8,3.3,6.9
Nordrhein-Westfalen,130,Warendorf,13,1319.4,277.4,252.9,8.9,210.3,-1.1,15.4,18.1,8,10.9,36.4,15.8,10.8,78.9,21.1,59.1,18.9,22.1,56.8,3.4,449.3,22079,28967,692.7,"2,1",13.4,3.7,14.7,48,33.5,35.7,40.3,7.5,321.1,"1,3","41,1",19,"14,1",24.4,60,28.2,32.7,5.7,5.8,5.4,3,5.8
Nordrhein-Westfalen,131,Gütersloh I,11,866.3,322.1,284.4,11.7,371.9,-0.6,17.1,18.1,8.4,12,36.7,14.6,10.2,73.2,26.8,39.4,30.9,29.6,53,3.8,447.8,23294,44419,708,"2,1",12.8,4.8,13.9,45.9,35.4,35.3,45.5,7.5,468.5,"0,6","45,6",21,"16,5",16.3,52.1,29.8,35.7,4.7,4.6,4.9,1.8,4.8
Nordrhein-Westfalen,132,Bielefeld – Gütersloh II,2,294.2,344.5,299.9,12.9,1170.8,-0.9,10.5,16.9,9.2,14.5,33.9,14.5,11,67.3,32.7,16.1,41.8,42.1,36.8,4.5,506.2,21228,37283,550.9,"3,8",12.9,6.1,12.9,42.3,38.7,36.6,41.4,5.4,449.1,"0,2","22,6","22,9","20,3",34,114.9,28.2,41.2,8.6,9,8.2,6,8.4
Nordrhein-Westfalen,133,Herford – Minden-Lübbecke II,10,515.2,301.1,275.9,8.4,584.4,-3.4,14.9,16.9,7.8,11.2,36,15.9,12.1,74.3,25.7,10.7,57.5,31.8,54,2.4,482.1,22131,32489,714,"3,4",13,4.5,12.4,42.5,40.7,33.8,43.5,7,367.1,"0,5","40,3",23,13,23.3,69.1,29.1,28.7,5.7,6,5.4,3,6.2
Nordrhein-Westfalen,134,Minden-Lübbecke I,10,1087.6,264.1,246.5,6.7,242.8,-2.8,14.8,17.7,8.1,11.2,35.5,15.8,11.7,76.1,23.9,8.2,60.7,31.2,58.1,2.7,458.3,21652,37358,729.5,3,13.6,6.1,13.1,42.1,38.7,32.6,41.2,6.6,398.5,"0,5","34,7","19,7","14,9",30.2,71.1,29.3,27.8,5.3,5.8,4.8,3.2,5.1
Nordrhein-Westfalen,135,Lippe I,10,759.8,221.4,204.2,7.8,291.4,-4.1,21.5,17.6,8.1,11,34.7,16.3,12.3,73.8,26.2,10.5,53.7,35.8,55.2,2.1,486.9,22582,28222,687.6,"2,7",11.6,4.9,16,46.2,33,34.1,41.3,6.7,313.1,"0,7","35,8","19,5",13,31,77.4,28.9,27.3,6.9,7.3,6.5,4.1,6.2
Nordrhein-Westfalen,136,Höxter – Lippe II,16,1687.8,273.4,254.8,6.8,162,-3.3,14.3,17.6,8.4,11,35.1,16.1,11.7,78.4,21.6,40.8,32.1,27.1,57.4,2,479.3,21226,26523,708.5,"3,6",13.3,5.2,13.5,46.4,34.9,32.1,40.7,7.3,307.3,"0,9","35,3","20,6","11,6",31.7,61.9,27.5,23.8,5.9,6.4,5.3,3.1,5.9
Nordrhein-Westfalen,137,Paderborn – Gütersloh III,11,1314.3,331.4,303.9,8.3,252.2,1,16.8,18.2,9.4,13.9,35.3,14.1,9.1,71.9,28.1,57.8,18.3,23.9,50.5,4.1,458.2,20240,34281,668.8,3,12.7,5.4,15.1,44.5,35,38.1,43.3,7,389,"0,7",33,"20,7","18,1",27.4,68.2,26.4,27,5.8,6,5.6,3.2,6.8
Nordrhein-Westfalen,138,Hagen – Ennepe-Ruhr-Kreis I,5,324.2,287.6,246.8,14.2,887.3,-4.8,15.9,16.3,7.8,11.5,35.4,16.9,12,71.8,28.2,25.9,37.6,36.5,32.9,1.5,537.2,21467,31570,611.2,"2,3",11.9,5.6,14.5,41.2,38.7,31.1,38.1,5.8,353,"0,1","30,6","23,4","15,4",30.5,122.9,28.7,38.9,9.4,9.9,8.9,8.4,8.6
Nordrhein-Westfalen,139,Ennepe-Ruhr-Kreis II,5,245.9,227.4,207.7,8.6,924.5,-5.4,14.2,15,7.5,11.1,36.4,17.9,12.2,80.4,19.6,25.2,40.4,34.4,38.7,1.1,524.9,24236,29190,683.6,"1,9",10.3,6.3,12.6,40.8,40.3,30.7,41.8,6.1,321.8,"0,2","38,4","20,6","12,4",28.4,81.1,26.3,28.6,6.5,7,6,3,6.6
Nordrhein-Westfalen,140,Bochum I,1,103.3,276.2,244.7,11.3,2673.9,-4.5,11.9,14.3,8.9,14.4,34.2,16.6,11.7,76.5,23.5,32.9,31.7,35.4,30.4,1.3,542.4,19422,32276,577.2,"2,8",10.8,6,13.9,38.8,41.3,31.1,36.7,4.8,352.2,0,18,"22,7","21,7",37.6,124.2,26.1,33.7,9.9,10.9,8.7,8.6,10.1
Nordrhein-Westfalen,141,Herne – Bochum II,1,93.8,244.4,214,12.5,2605.9,-5,12.8,15.3,8.4,12.8,35.2,16.7,11.6,73.9,26.1,32.1,33.3,34.6,30.3,1.1,538.1,18311,26082,554.6,"3,3",10.7,7.4,16.2,38.7,37.6,30.8,31.6,4.6,306.7,0,"22,1","23,1","19,2",35.6,144.7,26,35.4,11.5,12.3,10.6,9,10.8
Nordrhein-Westfalen,142,Dortmund I,1,126.3,283.8,248.1,12.7,2246.6,-2.9,11.1,15.9,8.9,14.2,34.7,15.6,10.7,71.1,28.9,29.4,32.5,38.1,25.9,2,534.2,18206,35120,532,"2,9",10.5,7.6,15.2,39.1,38.1,33.9,37,4.1,382.6,"0,1","18,4","23,1","26,8",31.6,153.5,27.5,36.6,11.5,12.1,10.8,10.9,10.8
Nordrhein-Westfalen,143,Dortmund II,1,154.4,302.4,246.1,18.5,1958.6,-3,11.1,15.9,8.9,14.2,34.7,15.6,10.7,71.1,28.9,27.6,32,40.4,30.2,2,534.2,18206,35120,532,"2,9",10.5,7.6,15.2,39.1,38.1,33.9,37,4.1,385.6,"0,1","18,4","23,1","26,8",31.6,153.5,27.5,36.6,11.5,12.1,10.8,10.9,10.8
Nordrhein-Westfalen,144,Unna I,7,347.3,253.6,232,8.5,730.3,-4.9,11.9,16,7.7,10.7,36.6,17.6,11.5,76.8,23.2,29.1,41.6,29.3,47.2,1.5,493.6,20283,28414,660.8,"2,9",12.6,5.7,15,39.4,39.8,32,35.5,5.2,311.7,"0,3","28,3",29,"15,6",26.8,99.9,26.5,27.2,8.2,8.6,7.8,4.2,8.5
Nordrhein-Westfalen,145,Hamm – Unna II,4,422.4,321.8,283.7,11.8,761.9,-3.5,19.4,17.1,8.4,11.7,35.6,16.3,10.9,73.5,26.5,39.1,31.5,29.4,40.5,1.6,486.7,18884,28070,619.8,"3,4",12.4,6.8,17.6,40.9,34.7,33.5,33.4,4.7,315.8,"0,2","26,3","26,5","16,4",30.5,114.1,25.3,30.9,8.9,9.2,8.6,4.8,8.1
Nordrhein-Westfalen,146,Soest,14,1328.6,303,275.9,8.9,228.1,-3.2,25.1,17.3,8.2,11.3,36.4,15.9,10.9,79.6,20.4,54.6,24.9,20.5,54.9,4.2,467.5,21376,31879,699,"3,8",13.1,4.6,13.8,46.6,35,34.8,42.2,6.2,360.9,"1,4","38,6","20,5","13,2",26.4,61.3,25.7,26.4,6,6.3,5.7,3.2,6.6
Nordrhein-Westfalen,147,Hochsauerlandkreis,12,1960.2,263.8,242.7,8,134.6,-4.8,12.8,16.8,8,11,36.2,16.2,11.7,82.6,17.4,68,15.3,16.7,57.2,2.2,493.1,22750,32498,719.7,"4,2",12.3,5,17.2,47.1,30.7,32.2,46.3,8,385.2,"0,9","41,2","18,9","11,4",27.6,51.5,27.5,26,4.8,5,4.5,1.4,5.1
Nordrhein-Westfalen,148,Siegen-Wittgenstein,11,1132.9,280.8,253.3,9.8,247.9,-2.8,20.3,16.2,9.2,12.6,34.7,16.3,11.1,79.8,20.2,21.1,53.1,25.8,57.7,1.7,486.5,23366,36961,715.2,"3,2",12.7,4.8,12.9,45.4,36.9,32.7,40.3,6.2,405.1,"0,3",42,"19,6","14,1",24,61.5,26.9,32.9,5.4,5.5,5.3,3.4,6
Nordrhein-Westfalen,149,Olpe – Märkischer Kreis I,13,1161.5,280.6,250,10.9,241.5,-2.5,11.2,17.3,8,11.7,36.4,15.8,10.8,76.9,23.1,44.4,27.6,28,52.5,1.3,482.8,25863,35324,705.9,"2,9",13,5.5,17.4,44.5,32.6,33.5,40.9,7,394.9,"0,4","52,6","15,1","11,2",20.7,62.3,27.7,31.5,5.5,5.5,5.4,2.2,6.3
Nordrhein-Westfalen,150,Märkischer Kreis II,9,611.8,272,241,11.4,444.6,-3.7,8.5,16.5,8,11,36.3,16.7,11.4,72,28,36.6,34.3,29.1,46.8,0.7,507.7,24680,34189,675.7,"3,5",12.5,6.3,14.5,47.8,31.4,31.9,40.3,6.3,379.8,"0,3","50,8","15,7","11,4",21.9,81.2,27.3,31.7,6.7,6.8,6.6,3.1,7.6
Nordrhein-Westfalen,905,Land insgesamt,396,34112.5,17865.5,15750.7,11.8,523.7,-2.5,14.8,16.6,8.3,12.5,35.9,15.9,10.9,75.5,24.5,40.9,27.1,32.1,42.9,2.6,497.5,21207,35947,634.3,"2,8",11.6,5.3,14.8,41.3,38.6,34.5,42.8,6.4,370.4,"0,5","27,4","22,4","21,6",28.2,96.1,27.6,33,7.6,8,7.2,4.4,7.8
Sachsen,151,Nordsachsen,30,2028.4,197.6,192.1,2.8,97.4,-5.7,8.5,14.7,4.1,11.1,37.5,19.3,13.3,97.3,2.7,2.9,15.8,81.3,47.8,1.6,552.7,18348,23890,700,"1,1",7.1,8,9.6,46,36.3,72,41.9,10.4,361.6,"3,3","29,2",30,"9,9",27.6,90,22.2,9.6,8.4,8.9,7.9,7.7,10.9
Sachsen,152,Leipzig I,1,169.8,275.2,254.8,7.4,1621.1,0.8,27.4,15.2,7.7,19.4,31.4,15.1,11.2,91.9,8.1,3.5,10.6,85.9,15.3,1.9,595.1,16542,34233,437.7,"1,6",6.1,10.8,9.9,40.2,39.2,81.2,43.2,6,470.6,"0,1","15,9","21,7","33,2",29.2,123,24.9,22,8.3,9.1,7.3,9.2,9.4
Sachsen,153,Leipzig II,1,128,285.2,263.7,7.5,2228.1,0.9,27.4,15.2,7.7,19.4,31.4,15.1,11.2,91.9,8.1,4.5,12.9,82.6,10.6,1.9,595.1,16542,34233,437.7,"1,6",6.1,10.8,9.9,40.2,39.2,81.2,43.2,6,468,"0,1","15,9","21,7","33,2",29.2,123,24.9,22,8.3,9.1,7.3,9.2,9.4
Sachsen,154,Leipzig-Land,32,1651.4,258.4,253.1,2,156.5,-5.8,8.7,15.1,4,10.4,37.3,20,13.2,97.2,2.8,2.7,17.5,79.8,47.9,2.2,549.1,19319,23527,700.4,"0,8",6.4,7,8.2,56.5,28.3,75.9,42.6,10.5,291.7,"2,3","32,3","24,7","10,5",30.2,74,22.3,6.8,6.6,7.3,5.8,5.2,7.9
Sachsen,155,Meißen,29,1454.6,245.2,238.6,2.7,168.6,-5,11,15.5,4.1,10.8,35.9,19.5,14.2,96.7,3.3,3,21.1,75.9,41.4,2.6,551.8,19013,24640,666.2,"1,4",7.6,5.6,9.5,54.3,30.6,76.4,43.3,10.7,358.9,"2,6",36,"23,4","11,6",26.4,71.5,22.8,7.4,7.2,7.6,6.9,3.6,9.5
Sachsen,156,Bautzen I,53,2224.9,259.3,254.1,2,116.5,-5.7,4.1,15.2,3.9,10.6,36,19.9,14.4,96.8,3.2,9.6,23.9,66.6,46.1,1.4,533.2,18623,23045,705.7,"1,1",8.1,7.9,8.9,52.6,30.6,74.4,40,11.1,360.2,"1,8","35,2","19,9","14,1",29,71,22.8,6.5,6.9,7.3,6.4,4.3,8.9
Sachsen,157,Görlitz,53,2111.4,260,251,3.5,123.1,-8.3,7.5,14.5,4.3,10.2,34.7,21,15.3,95.5,4.5,5.2,23.5,71.3,42.5,0.6,597.6,17483,24582,657.4,"1,8",7.3,9,10.3,52.5,28.3,66.1,38.5,10.5,322.5,"2,3","31,3","19,3","11,4",35.7,99.5,22.1,9,10.2,11.2,9.2,6.2,13.3
Sachsen,158,Sächsische Schweiz-Osterzgebirge,36,1654.2,247.4,240.8,2.7,149.6,-5.9,11.7,15.9,4.1,10.9,35.3,19.9,13.9,97.1,2.9,3,19.3,77.7,41.2,1.9,547.1,18735,20404,682.6,"1,3",7,9.4,8,56.8,25.9,76.9,44.1,12.1,311.2,"2,2","35,6","20,2",9,33,67.9,24.3,8.8,6.4,7.1,5.7,4.6,8.3
Sachsen,159,Dresden I,1,81.5,294.4,274.2,6.8,3612.5,1.3,12.3,15.9,8,18.2,30.8,15.4,11.6,92.7,7.3,4.3,14.5,81.3,11.2,3.1,549.7,17638,34506,465.8,"2,5",6.3,7.6,7.6,44.6,40.1,89.7,43.2,5.9,471.5,"0,2","17,7","20,1","27,2",34.9,84.3,23.5,17.9,7.1,7.8,6.2,7.1,8.9
Sachsen,160,Dresden II – Bautzen II,6,417.7,296.4,284.8,4,709.6,0.7,11.2,16,7.4,17.1,31.8,15.9,11.9,93.4,6.6,4.1,17,79,23.1,2.9,543.6,17797,32654,503.9,"2,3",6.6,7.7,7.9,46.1,38.3,87.3,42.7,6.7,451.2,"0,4","19,9",20,"25,5",34.1,82.2,23.4,16.3,7,7.7,6.3,6.5,8.9
Sachsen,161,Mittelsachsen,38,1675.1,246.8,239,3.2,147.4,-6.2,7.3,14.7,4.7,11.6,34.6,20.1,14.2,97.4,2.6,2.2,21.9,75.8,39.9,0.9,578.4,18604,23865,704.7,"1,2",7.8,9.1,8.6,49.7,32.6,71,41.7,10.8,353.9,"2,8","36,8","20,1","12,1",28.3,64.6,21.3,8.4,6.5,6.9,6,5.1,8.4
Sachsen,162,Chemnitz,1,221,248.6,231.5,6.9,1124.8,-4.2,24.7,14.3,6.3,14.8,30.7,20.1,13.9,93.5,6.5,2.1,12.9,85,17,1.6,618.5,18611,32229,568.3,"3,1",6,9.7,10.9,43.1,36.4,70.1,42.8,7.7,465,"0,2","22,6","19,8","26,8",30.7,96.7,24.2,18,8.2,8.8,7.5,7.9,9.2
Sachsen,163,Chemnitzer Umland – Erzgebirgskreis II,38,902.9,219.2,216.5,1.2,242.8,-7.5,3.4,14.5,3.9,10.2,35,21.6,14.7,97.5,2.5,2,24.9,73.1,44.8,1.6,568.7,18445,23639,695.7,"1,3",7.5,8.2,7.5,54.4,29.8,67.2,42.6,11.6,351.4,"1,8","39,1","19,4","11,7",28,64.4,21.8,8.4,6.4,6.7,5.9,4.7,8
Sachsen,164,Erzgebirgskreis I,48,1560.9,267.5,261.6,2.2,171.4,-7.2,0.1,14.9,4.2,10.4,34.4,21.9,14.1,98.2,1.8,1.7,38.1,60.2,42.5,1.7,568.2,18124,20389,704.8,"1,2",7.4,7.5,8.3,60.1,24,65.7,44.3,13.1,323.8,"1,8","42,8","18,2","8,3",28.9,59.1,21.6,6.3,6.2,6.6,5.7,4.5,7.5
Sachsen,165,Zwickau,24,755.1,251.1,243.7,3,332.6,-8.1,6.8,14,4.7,11.2,34.4,21.1,14.6,96.9,3.1,3,21.4,75.6,36.3,0.8,600.9,18656,27000,677.8,"1,4",7.4,8.2,5.7,52.5,33.6,65.4,41.7,10.7,381.1,"1,1","37,4",20,"14,6",26.9,69.9,22.4,10.5,6.4,6.7,6.1,4.6,8.3
Sachsen,166,Vogtlandkreis,39,1412.4,232.3,226.4,2.5,164.5,-8.2,7.9,13.8,4.2,10.5,34.7,21.7,15,96.5,3.5,2.4,27.1,70.5,41,1.2,617.2,18566,22312,710.2,"1,5",7.1,6.2,10.3,51.6,31.8,60.3,45.3,12.4,345.4,"1,6","36,4","19,7","12,3",30.1,68.9,21.3,12.3,6.7,7.3,6,5.2,8.4
Sachsen,914,Land insgesamt,429,18449.4,4084.9,3926.1,3.9,221.4,-4.4,11.5,15,5.3,13.2,34,19.1,13.5,95.6,4.4,3.6,20.3,76.2,33.2,1.8,572.7,18158,26807,619.1,"1,6",7,8.3,8.8,50.3,32.7,74.3,42.6,9.6,383.1,"1,3","28,6",21,"18,8",30.3,82.5,23.1,13.2,7.3,7.9,6.6,5.9,9.1
Hessen,167,Waldeck,29,2166.5,235,219.9,6.5,108.5,-5.3,16.1,15.7,7.5,10.3,36.2,18,12.4,84.1,15.9,14.8,61.5,23.7,61,1.2,493.9,21290,29326,761.2,"2,7",9.5,4.2,16.1,50.9,28.8,35.2,38.3,7.2,344.2,"0,8",41,"19,9",10,28.3,48.3,26.5,25.9,4.4,4.7,4,2.9,5.1
Hessen,168,Kassel,12,357.6,299.3,263.2,12,836.8,-2.5,14.9,15.2,8.9,14.2,34.1,16.5,11,75.3,24.7,14.3,47.3,38.4,39.9,1.6,515.9,19633,41106,578.2,5,9,5.8,15.3,42.5,36.4,45.2,40.9,5.6,465.6,"0,2","26,3","21,3",20,32.3,97.3,27.7,36.3,7.3,7.9,6.6,6.8,6.9
Hessen,169,Werra-Meißner – Hersfeld-Rotenburg,36,2121.8,221.9,207.2,6.6,104.6,-6.6,16.8,15.5,7.3,10.5,35.5,18.2,13,86,14,10.9,67.2,21.9,63.7,0.9,499.5,19842,29625,775.1,"3,9",10.1,3.7,21.3,46.7,28.2,33.7,36.8,7.2,336.4,"1,1","29,4","28,9","10,9",29.6,58.3,26.7,22.4,5.2,5.6,4.7,3.4,5.7
Hessen,170,Schwalm-Eder,38,2262.5,237.4,224,5.7,104.9,-4.7,9.9,15.9,7.6,10.9,36.6,17.2,11.9,85.3,14.7,11.8,68.7,19.5,66.1,1.2,479.2,20606,29241,790.7,"3,3",10.4,5.1,14.1,45.7,35.1,34.6,37.4,7.7,315.7,"0,9","34,9","23,6","10,8",29.8,48.7,26,25.5,4.8,5.2,4.4,3.1,5.5
Hessen,171,Marburg,22,1262.5,245.2,220.8,10,194.2,-2.1,16.9,16.1,10.8,13.8,34.2,14.9,10.2,81.1,18.9,18.3,54.1,27.6,55.6,2.3,473.6,19718,33720,673.7,"3,5",9.9,4.2,15.1,41.9,38.9,38,36.4,6,365.9,"0,3",37,"14,8","13,7",34.2,53.6,27.8,30.4,4,4.3,3.6,2.5,3.9
Hessen,172,Lahn-Dill,25,1153.4,275.4,250.9,8.9,238.8,-3.9,10.6,16.4,8,11.3,36.2,16.8,11.3,77.8,22.2,14.6,54.7,30.7,62.7,2.3,470.1,21649,31040,728.7,"4,1",9.7,4.8,18.8,47.9,28.5,35.7,43,7.3,360.6,"0,2","40,1","19,1","13,9",26.6,69.2,27.4,37.4,5.6,5.7,5.5,3.4,6.6
Hessen,173,Gießen,24,1343.3,286.5,258.1,9.9,213.3,-1.7,11.7,15.5,10.7,14.4,34,15.3,10.1,77.8,22.2,15.9,54.8,29.3,51.1,3.3,486.8,19880,30647,687.2,"3,2",9.4,4.6,13.9,37.6,43.8,35.5,42.7,6.9,348,"0,5",27,"22,1","14,8",35.6,70.1,25.5,30.8,5.8,6.4,5,3.4,6.3
Hessen,174,Fulda,33,2130.3,271,251.9,7,127.2,-2.7,17,16.9,8.4,11.7,35.7,15.8,11.5,84,16,53.5,29.1,17.4,58.4,3.4,476,20727,32521,784.2,"5,2",10.3,3.7,22.4,46,27.8,36.9,41.9,7.6,393.3,"0,5","31,7","24,1","17,3",26.3,43,26.7,29.8,3.4,3.6,3.2,2.2,4.3
Hessen,175,Main-Kinzig – Wetterau II – Schotten,24,1539.7,232.2,212.3,8.6,150.8,-3.3,12.4,15.9,7.8,10.9,37,17.3,11.1,77.5,22.5,27.2,46.6,26.2,64.5,1.8,467.1,21761,29570,711,"3,6",9.4,4.1,15.3,43.7,36.9,40.2,45.5,7.9,302.2,"0,6","32,3","23,5","18,1",25.6,58,29.4,35.9,4.6,4.8,4.5,4.2,4.6
Hessen,176,Hochtaunus,19,812.6,250.3,218.9,12.5,308,-1.9,14.3,17.4,7.1,10.2,37.5,16.9,11,77.1,22.9,26.9,36.3,36.8,56.7,2.5,473.4,27206,39021,774.2,"3,4",9.8,3,14.2,35.4,47.5,45.1,57.2,7.5,368.7,"0,3","21,6","23,4","29,2",25.6,49.6,28.9,43.4,4,4.3,3.7,2.5,4.3
Hessen,177,Wetterau I,17,745.9,237.7,211,11.2,318.7,-2.6,17.4,16.8,7.7,11.3,37.5,16.2,10.5,80.9,19.1,22,43.4,34.6,56.7,3.2,464.8,22008,27139,713.9,"2,8",10,5,16.1,31.4,47.5,38.2,47.3,7.8,276.6,"0,8","25,8","24,5","19,2",29.7,54.1,25.9,36.1,4.5,4.8,4.1,3.4,4.9
Hessen,178,Rheingau-Taunus – Limburg,27,1171.3,294,262.7,10.6,251,-3,11.4,16.6,7.5,10.6,37.2,17.3,10.8,82.2,17.8,39.7,28.5,31.9,57.4,1.7,478.7,22673,24633,749.4,"3,4",10,4.7,14.7,43.2,37.4,37.5,47.1,8.1,261.6,"0,8","27,8","23,6","16,7",31.2,54.6,28.4,37,4.8,5.1,4.6,2.6,5.1
Hessen,179,Wiesbaden,1,203.9,276.2,227.9,17.5,1354.5,0.9,2.7,17.6,7.5,13.7,35.7,15.2,10.2,66.2,33.8,22.9,28.3,48.8,29.5,2.1,509,22243,58743,591.5,"3,3",9.5,5,11.9,38.1,45.1,48.1,54.5,6.8,472.3,"0,2","15,6",20,"30,9",33.3,117,31.1,35.9,7.3,7.5,7.2,7.9,7.5
Hessen,180,Hanau,14,346.2,254.2,213.2,16.1,734.1,-1.2,13.8,17.1,7.5,12,36.8,16.6,9.9,75.4,24.6,24.3,32.8,42.9,50.7,2.5,472.3,21744,30918,701.6,"3,9",9.2,3.7,14.6,48.7,32.9,41.5,45.1,7.9,314.9,"0,4","34,4","23,4","18,2",23.6,60.4,30.9,36.3,4.7,4.7,4.7,4.7,4.4
Hessen,181,Main-Taunus,15,270.5,278,237.2,14.7,1027.9,-1.3,13.5,18,6.6,10.7,37.5,16,11.1,74.3,25.7,30.6,27.8,41.7,51.5,3.1,474.4,26355,47502,861.3,"2,3",8.7,4.5,15.3,34.6,45.6,51,53.9,6.7,410.8,"0,3","15,6","25,3","36,6",22.2,46.9,30.2,43.2,3.8,3.9,3.6,2.7,3.6
Hessen,182,Frankfurt am Main I,1,85.1,365.1,250,31.4,4289,3.1,16.4,16.4,7.6,18.4,37,12.9,7.7,55.8,44.2,22.9,19.6,57.5,18.8,6.2,519.3,20555,92367,503.9,"2,6",6.8,4.4,13.6,35.9,46.1,57.6,57.8,5.3,773.3,0,"10,6","26,7","43,8",18.7,104.1,29.1,43.8,6.2,6.5,5.8,6.6,7.3
Hessen,183,Frankfurt am Main II,1,163.2,367.6,277.4,24.6,2252.5,3.3,16.4,16.4,7.6,18.4,37,12.9,7.7,55.8,44.2,23.5,22.1,54.4,22.6,6.2,519.3,20555,92367,503.9,"2,6",6.8,4.4,13.6,35.9,46.1,57.6,57.8,5.3,763.1,0,"10,6","26,7","43,8",18.7,104.1,29.1,43.8,6.2,6.5,5.8,6.6,7.3
Hessen,184,Groß-Gerau,14,453,266,213.4,19.8,587.2,0.6,19,17.6,7.9,13,36.6,15.4,9.5,67.9,32.1,21.7,30.2,48.1,49.7,3.3,455.5,20066,41298,699.4,"1,9",9.1,4.1,21.4,41.4,33.1,41.2,38.8,5.5,359.2,"0,4","33,6","27,8","19,3",18.8,82.2,31.3,45.5,5.8,5.7,5.9,4.7,5.5
Hessen,185,Offenbach,9,241.4,355.2,267.8,24.6,1471.2,1,17.6,17.7,7.7,13.7,35.7,15.4,9.8,63.2,36.8,25.6,23,51.5,37.1,2.5,476.8,20901,37236,609.5,"3,1",8.5,5.1,17.2,36.6,41.1,44.1,51.5,7,358.4,"0,2","22,9","27,7","28,7",20.5,95.9,32.2,45.8,6.6,6.4,6.9,5,6.7
Hessen,186,Darmstadt,15,449.3,341.8,289.7,15.2,760.7,-0.4,18.8,16.4,9.1,14.7,35.2,15.2,9.4,73.1,26.9,20.6,36.5,42.9,45.9,3.4,476.8,22135,44438,629.9,"3,7",10.2,4.1,13.1,33.5,49.3,43.4,48.2,6.2,428.9,"0,4",26,"19,6","25,9",28,72.1,31.3,38.1,5.2,5.5,5,4.6,6.1
Hessen,187,Odenwald,29,1115.1,319.2,279.7,12.4,286.3,-2.8,16.5,16.4,7.7,11.1,37.1,17.2,10.5,74.9,25.1,29.6,36.4,34,60.2,2.6,458.3,22034,29488,713.2,"1,7",9.3,4.9,17.5,40.3,37.3,37.2,47.9,7.9,294.7,"0,6",31,"26,1","20,5",21.9,60.2,30.6,39,4.9,5,4.8,3.6,5.8
Hessen,188,Bergstraße,22,719.5,266.9,236.1,11.5,371,-3.3,14.8,16,7.5,11,37.3,17.3,10.9,81.8,18.2,37.8,31.8,30.4,57.7,1.8,467.8,22341,29000,737.2,"2,3",10,4.5,14,40.3,41.2,38.2,50,8.4,269.8,"1,1","32,3","25,9","15,4",25.2,53.1,25.7,34,3.8,3.8,3.7,0.6,4.5
Hessen,906,Land insgesamt,426,21114.9,6176.2,5293.3,14.3,292.5,-1.6,14.6,16.6,8,12.8,36.2,16,10.4,74.5,25.5,24.3,38.9,36.9,48.9,2.8,483.3,21606,41825,684.6,"3,2",9.2,4.4,15.9,40.6,39.1,42.3,47,6.9,403.3,"0,4","24,5","23,9","25,8",25.5,70.4,29,37.8,5.2,5.4,5,3.9,5.6
Thüringen,189,Eichsfeld – Nordhausen – Kyffhäuserkreis,149,2694.8,263.8,256.5,2.8,97.9,-4.7,7.8,15.1,5,12,35.9,19.6,12.4,97.2,2.8,28.8,18.3,52.9,56,1.7,509.6,17475,21547,703.7,"2,5",8.2,7.2,14,47.1,31.7,42.5,37.7,9.9,328.8,"2,1","36,3","18,2","12,8",30.6,78.5,23.5,12.3,7.2,7.4,7,4.9,8.9
Thüringen,190,Eisenach – Wartburgkreis – Unstrut-Hainich-Kreis,93,2391.3,273.3,264.3,3.3,114.3,-5.2,11.3,15.1,4.8,11.8,36.6,18.9,12.7,97,3,11,30.8,58.2,53.6,2,516.7,18020,24960,685.2,"1,6",7.9,8.6,14.2,44.8,32.4,43,37.1,8.9,369,"2,1","38,2","18,3","13,3",28.1,70.7,24.8,13.5,6.8,7.1,6.6,6.3,8.8
Thüringen,191,Jena – Sömmerda – Weimarer Land I,108,1637.8,255.8,244.2,4.5,156.2,-2.8,9.8,15.2,6.6,15,34.1,18.2,10.9,95.9,4.1,4.2,20.4,75.4,42.1,3.8,530.5,17558,28099,604.5,"1,1",6.9,5.9,13.2,42.9,38.1,47.3,37.4,7.7,399.2,.,"29,4",.,"17,9",33.8,69.4,24.3,15.9,6,6.7,5.2,5.7,7.2
Thüringen,192,Gotha – Ilm-Kreis,89,1779.8,246.5,235,4.6,138.5,-5,13.8,14.6,5.3,12.4,35.8,19.6,12.3,96,4,3.6,24,72.4,48.7,1.9,538,17733,24727,655.7,1,7.7,6.2,14.1,46.1,33.7,41.4,39.9,9.3,352.3,"1,6","40,3","21,4","12,3",24.4,72.5,24.2,12.8,6.2,6.5,5.9,6,7.8
Thüringen,193,Erfurt – Weimar – Weimarer Land II,11,442.7,280.7,264,6,634.2,-1.5,17.7,15.4,7.2,15.8,33.4,17.2,11,93.4,6.6,5.3,11.7,83,23.1,1.8,546.8,17262,35055,521.6,"2,5",7.6,8.4,12.1,35.9,43.5,47,44,6.4,479.2,.,.,"22,3","28,8",33.7,101.4,26.5,20.2,6.8,7.5,6,5.7,7.5
Thüringen,194,Gera – Greiz – Altenburger Land,85,1567.6,289.5,280.5,3.1,184.7,-7.4,10.4,13.4,4.2,10.6,35.3,21.6,14.8,96.9,3.1,2.8,17.9,79.3,37.1,1,608.1,18134,21520,652.4,"1,8",7.6,6.7,14.7,44.9,33.6,39.1,40.8,9.5,322.9,"1,9",31,"21,6","14,3",31.1,94.3,22.4,13.2,8.6,9.2,7.8,8.2,9.7
Thüringen,195,Saalfeld-Rudolstadt – Saale-Holzland-Kreis – Saale-Orla-Kreis,203,3002.6,278.4,269,3.4,92.7,-6,12.7,14.4,4.4,11.1,36.4,20.2,13.6,97.6,2.4,3,27.9,69,53.7,1.7,537.9,18365,23752,727.5,"0,8",7.5,7.4,12.9,49.8,29.8,40.9,41.6,10.4,336.9,"3,7",41,19,"9,5",26.8,60.8,22.7,10,6.1,6.8,5.4,5.4,7.9
Thüringen,196,Suhl – Schmalkalden-Meiningen – Hildburghausen – Sonneberg,111,2685.8,282.7,273.9,3.1,105.3,-7.3,7.3,13.6,4.7,11.6,36.4,20.4,13.3,97.5,2.5,2.7,34.8,62.5,56.7,1.4,530.2,18845,24302,720.2,"1,7",7.4,7.3,15.7,49.2,27.8,39.4,43,10.8,352.8,.,.,.,12,28.9,48.3,23.2,14.7,4.7,5.1,4.3,4.8,5.7
Thüringen,916,Land insgesamt,849,16202.4,2170.7,2087.3,3.8,134,-5,11.3,14.6,5.3,12.5,35.5,19.5,12.6,96.5,3.5,7.6,23.3,69,46,1.9,540.4,17938,25471,659.1,"1,6",7.6,7.3,13.9,45.1,33.7,42.5,40.2,9.1,367.5,"1,8","32,9","19,5","15,8",29.9,74.7,24.1,14.4,6.6,7,6,5.9,8
Rheinland-Pfalz,197,Neuwied,181,1268.9,309.8,287,7.4,244.2,-3.8,11,16.7,8,10.9,36.1,16.9,11.5,79.4,20.6,43.5,29.5,27,62.4,1.8,488.5,21726,26833,748.7,"3,5",11.6,6.9,19.4,48.3,25.3,34.7,44.4,8.3,304.1,"0,5","39,9","19,7","11,9",28,60.3,26.1,28.5,5.3,5.4,5.3,2.3,6.1
Rheinland-Pfalz,198,Ahrweiler,131,1337.2,246.4,230.1,6.6,184.3,-3.9,11.3,15.8,7.6,10.8,36.5,17.4,11.9,83.9,16.1,64.6,13.7,21.7,59.5,4.2,508.5,22014,25873,756.1,"2,1",10.2,4.5,21,41.4,33.1,36.1,44.9,8.7,285,"0,9","31,8","25,2","12,2",29.8,52.1,27.1,36,4,4.3,3.6,2.1,4.6
Rheinland-Pfalz,199,Koblenz,63,635,257.2,234.1,9,404.9,-2.5,11.5,15.1,8.5,13.1,34.5,17,11.8,80.3,19.7,53.5,20.9,25.7,45.2,2.8,529.2,21059,44292,687.5,"3,8",11,5.3,17.8,39.5,37.3,37.2,44.6,7,445,"0,3","21,8","23,6","21,3",33,68.5,27,32.3,5,5.4,4.6,2.6,5
Rheinland-Pfalz,200,Mosel/Rhein-Hunsrück,277,2287.6,219.5,205.4,6.4,96,-4.8,9.8,15.7,7.4,10.7,36.4,17.7,12.2,84.4,15.6,58.7,24.7,16.7,67.1,2.9,519.2,22334,28978,819.8,"2,3",10.2,8.2,21.1,46,24.7,34.6,45.5,9,337,"1,2","34,3","24,3","11,3",28.8,40.7,25.3,29.9,4.1,4.3,4,1.9,5
Rheinland-Pfalz,201,Kreuznach,214,1640.3,237.4,219.4,7.6,144.7,-5.6,9.2,15.7,7.3,11,35.9,18,12.1,82.3,17.7,28.8,47.9,23.3,59.6,2.2,514.5,21362,27735,744.7,"2,6",10.2,6.7,20.9,42.3,30.1,35.6,42.3,8.3,327.8,"0,7",32,"20,1","13,4",33.8,69.1,26.1,26,6.4,6.6,6.1,4.6,6.5
Rheinland-Pfalz,202,Bitburg,400,3100.8,215.2,196.9,8.5,69.4,-3.5,10.2,16.4,7.9,11.3,36.4,16.6,11.4,86.3,13.7,77,8.7,14.4,66.1,4.1,521.3,21839,27125,844.8,"2,6",12,5.9,16.2,47.1,30.7,35.6,43.4,8.6,311.6,"1,3","39,3","22,1","9,3",28,36.3,27.2,29.8,3.9,4.2,3.6,1.9,4.5
Rheinland-Pfalz,203,Trier,105,1218.6,262.9,230.9,12.2,215.7,-1.7,37.7,16.1,10,14.4,34.9,14.6,9.9,84.7,15.3,72.3,10.1,17.6,52.4,4.8,504.3,21106,28265,670.4,4,9.1,7.7,17.7,39.8,34.8,40.1,38.8,6.7,332.7,"0,8","25,1","23,7",13,37.5,44.1,26,31.3,4.2,4.8,3.7,2.3,4.3
Rheinland-Pfalz,204,Montabaur,297,1508.5,272.6,251.7,7.7,180.7,-3.4,13.3,16.8,7.7,11.2,37.3,16.5,10.6,82.5,17.5,41.3,35.5,23.2,67.2,2,479.6,22579,29131,777.1,"2,3",10.3,6.6,19.3,47.8,26.3,35.8,45.5,8.4,311,"0,5","39,6","21,4","14,2",24.3,44,27.1,31.3,3.6,3.8,3.5,1.4,4.1
Rheinland-Pfalz,205,Mainz,32,467.8,343.9,295.7,14,735,0.3,17.2,15.5,9.6,16,34.6,14.7,9.6,76,24,38.8,25.6,35.6,43,4.9,527.1,22918,45503,618.4,3,10.4,3.4,14.2,35,47.4,42.1,45.8,5.9,427.7,"0,5","17,5","21,1","26,3",34.5,67.6,27.7,41.6,5.4,6,4.9,4.6,5.6
Rheinland-Pfalz,206,Worms,105,932.6,284.1,256.4,9.7,304.6,-1.2,12,17.3,7.8,11.4,37.7,16.4,9.5,79.7,20.3,28,41.6,30.4,60.1,2.4,476.2,22393,28828,735.7,"1,4",10.5,4.7,17.5,45,32.8,41.1,42.1,7.3,284.1,2,30,"25,7","15,9",26.4,63.6,28,34.3,5.2,5.3,5.1,4.3,4.9
Rheinland-Pfalz,207,Ludwigshafen/Frankenthal,20,314.7,314.6,261.2,17,999.8,-1.7,8.5,16.8,7.8,12.5,35.7,16,11.2,69.4,30.6,29.5,30.9,39.6,48.4,2.7,500.3,20614,49481,628.2,"2,6",10.1,8.1,20.9,39.5,31.6,42.8,34.7,5.7,430.8,"1,4","43,6",16,"17,4",21.6,94.8,28.3,40.1,6.8,6.9,6.7,5.8,6.8
Rheinland-Pfalz,208,Neustadt – Speyer,57,866,285.5,259.7,9,329.7,-3.5,10.7,15.8,7.2,10.8,36.9,17.7,11.6,82,18,34.6,36.2,29.2,58,3.5,499.2,24273,26134,740.4,2,10,5.6,16.5,37.9,39.9,40.2,46.2,7.5,300.7,"2,4","23,2","23,8","17,6",33.1,53.4,25.3,31,4.7,5.1,4.3,3,5.1
Rheinland-Pfalz,209,Kaiserslautern,208,1695.9,296.8,272.6,8.1,175,-4.1,10.2,15.6,8.7,12.3,35.5,16.9,11,80.4,19.6,25.2,50.2,24.6,55.7,2.4,539.6,19816,28205,706.2,"2,8",11.4,6.2,18.1,41.7,34,36.3,37.3,7.3,332.1,.,"27,7","19,3",.,35.9,74.8,26.1,24,6.6,6.9,6.3,4.6,7.1
Rheinland-Pfalz,210,Pirmasens,108,1388.2,223.8,209.9,6.2,161.2,-4.5,7.4,15.1,7.5,11,35.7,17.9,12.8,86.3,13.7,41.7,39.3,19,59.8,1.8,551.1,20785,23522,750.8,"2,8",9,6.2,19.6,42,32.2,37.5,39.6,8.5,279.9,.,"31,7","23,6",.,32.7,63.2,25.9,22.6,6.6,7.1,6.1,4.7,7.1
Rheinland-Pfalz,211,Südpfalz,107,1186.2,283.2,258.6,8.7,238.7,-1.9,11.3,16.1,8.5,11.8,36.8,16.4,10.4,82.1,17.9,44.1,31.6,24.3,62.6,4.3,485.8,21679,30406,767.6,"1,8",11.1,6.7,14.9,42,36.4,39.9,43,7.6,338.6,"1,5","35,9",24,"11,6",27,49.8,26.8,33.7,4.5,4.7,4.3,2.7,5.3
Rheinland-Pfalz,907,Land insgesamt,2305,19854.5,4052.8,3669.7,9.5,204.1,-2.9,12.9,16.1,8.1,12.1,36,16.6,11.1,80.9,19.1,44.2,30.3,25.5,57.1,3.1,508.7,21781,31895,727.2,"2,6",10.5,6.1,18.2,42.3,33.4,38.2,42.5,7.6,339.5,1,"31,1","21,9","15,8",30.2,59.9,26.8,32.2,5.1,5.4,4.8,3.1,5.5
Bayern,212,Altötting,55,1374.6,220.5,199.8,9.4,160.4,-3.3,15.6,17,8.1,11.7,36.4,16.2,10.5,80.2,19.8,69.9,10.5,19.6,58.2,3.8,448.6,22185,37755,786.4,"3,9",12.2,4.3,23.2,47.9,24.5,37.3,47.4,9.4,382.5,"0,9","46,9","18,3","10,4",23.5,35.9,24.5,32.9,3.9,4.3,3.5,2,4.6
Bayern,213,Erding – Ebersberg,47,1420.1,271.2,242.1,10.7,191,0.9,15.2,18.7,8.1,11.8,38.7,14.1,8.7,85.3,14.7,58.4,11.9,29.7,54.7,5.1,434.2,24309,28474,748.9,2,11.2,3.5,19,49.5,28,48,54.2,9.8,307.8,"1,2",22,"36,7","16,6",23.5,18.8,27.3,39.7,2,2.1,1.8,0.9,2.9
Bayern,214,Freising,50,1802.3,326,285.8,12.3,180.8,1.3,16.2,17.7,8.8,13.7,37.8,13.8,8.3,83.1,16.9,61,10.9,28.1,54.8,5,448.9,22838,39263,779.1,"2,5",10.8,4.6,21.3,52,22.2,44.2,48.9,9.2,393.7,"0,6","28,2","38,8","14,6",17.9,15.3,21.8,44.8,2.2,2.3,2,1.5,3.1
Bayern,215,Fürstenfeldbruck,39,992.4,323.5,282.2,12.8,325.9,0.2,16.7,17.8,7.8,11.9,37.4,15.5,9.5,80.7,19.3,51.8,14.2,34,54.1,5,451.2,24151,24422,682.8,"2,3",10.1,3.4,19.8,43.8,33.1,49.5,52.3,9.5,248.4,"0,7","26,7","28,1","17,7",26.8,26.8,29.5,46.5,2.6,2.8,2.3,1.7,3.4
Bayern,216,Ingolstadt,42,1845.8,327.3,290.7,11.2,177.3,1,10.2,17.6,8.3,14.5,36.1,14.2,9.4,75.4,24.6,62.2,14.7,23.1,56,6.1,459.8,21717,67027,812.1,"4,4",11.8,3.3,19.4,51.1,26.2,41.5,40.1,7.2,508.6,"0,3","47,7","15,4","18,8",17.8,25.5,27.6,36.6,2.5,2.5,2.4,1.9,3.1
Bayern,217,München-Nord,1,87.8,368.1,264.3,28.2,4193.7,4.1,10.1,15.3,7.9,18.7,35.5,13.9,8.7,65.7,34.3,35.5,13.6,50.9,21.6,4.7,536.2,25838,70321,560.2,4,8.1,6,19.7,41.3,33,51.5,67.7,6.3,573.8,"0,1",16,"18,1","40,4",25.4,53.1,28.4,49.2,4.5,4.7,4.2,2.8,6.3
Bayern,218,München-Ost,1,79.8,377.4,284.7,24.6,4732.2,4,10.1,15.3,7.9,18.7,35.5,13.9,8.7,65.7,34.3,36.2,13.3,50.5,28.8,4.7,536.2,25838,70321,560.2,4,8.1,6,19.7,41.3,33,51.5,67.7,6.3,575.3,"0,1",16,"18,1","40,4",25.4,53.1,28.4,49.2,4.5,4.7,4.2,2.8,6.3
Bayern,219,München-Süd,1,52.5,334.8,252.5,24.6,6379,4,10.1,15.3,7.9,18.7,35.5,13.9,8.7,65.7,34.3,36.9,14,49.1,25.6,4.7,536.2,25838,70321,560.2,4,8.1,6,19.7,41.3,33,51.5,67.7,6.3,576.5,"0,1",16,"18,1","40,4",25.4,53.1,28.4,49.2,4.5,4.7,4.2,2.8,6.3
Bayern,220,München-West/Mitte,1,90.7,370,282.6,23.6,4080.6,4.1,10.1,15.3,7.9,18.7,35.5,13.9,8.7,65.7,34.3,38,14.2,47.8,25.1,4.7,536.2,25838,70321,560.2,4,8.1,6,19.7,41.3,33,51.5,67.7,6.3,574.4,"0,1",16,"18,1","40,4",25.4,53.1,28.4,49.2,4.5,4.7,4.2,2.8,6.3
Bayern,221,München-Land,29,664.2,340,287.1,15.6,511.9,0.6,20.3,18.3,7.7,11.7,36.8,15.4,10.2,77.3,22.7,42.7,16.5,40.8,48.7,4.6,465.4,29954,99344,773.4,"0,3",8.8,2.7,12.8,33.8,50.7,58.8,79.5,8.4,654.3,"0,2","21,5","23,9","40,4",14,23.3,31.2,45.8,2.7,2.9,2.5,1,4
Bayern,222,Rosenheim,47,1476.8,317.9,282.8,11.1,215.3,-0.9,17,17.2,8.2,12.1,36.1,16.4,10,83.1,16.9,61.3,12.3,26.4,50.4,4.9,470.5,23680,32066,763.9,"3,7",10.8,4.1,20.3,49.1,26.5,38.5,62.6,11.7,364.5,"0,6","30,3","24,1","14,7",30.3,26.7,25.8,35.8,3.1,3.5,2.7,1.7,4
Bayern,223,Bad Tölz-Wolfratshausen – Miesbach,38,1976.9,223.2,198.3,11.2,112.9,-1.5,15.2,17,7.8,11.2,36.7,16.4,10.9,83,17,57.6,14,28.4,49.4,5.8,486.3,26258,28675,779.9,"3,1",10.9,3.4,19.1,49.4,28.1,39.4,70.3,13.6,316.2,"1,1","33,1","27,1","13,3",25.4,21.1,25.9,39.4,2.9,3.4,2.4,1.5,4.2
Bayern,224,Starnberg – Landsberg am Lech,46,1313.7,290.7,258.5,11.1,221.2,-0.8,14.4,17.9,7.6,10.6,36.9,16.5,10.6,84.5,15.5,49.4,16.6,34.1,53.2,3.7,469.2,29060,32563,763.9,"2,1",10.4,4.3,15.2,43.5,37,46.2,68.7,9.9,323.5,"0,7","30,1","22,4","20,4",26.4,23.8,25.5,44.2,2.9,3.3,2.6,1.7,4.2
Bayern,225,Traunstein,50,2373.9,278.1,248.4,10.7,117.1,-2.9,14,16.1,8.2,11.9,35,17.1,11.7,80.6,19.4,67.5,11.7,20.8,52.5,5,491.9,22259,33118,782,"3,7",10.8,4.8,22.3,46.1,26.8,32,54.2,10.3,360,"0,9","38,7","24,3","9,9",26.2,25.9,23.3,32.2,3.9,4.6,3.1,1.6,5.1
Bayern,226,Weilheim,56,1978.6,220.3,199.2,9.6,111.3,-2.5,16.7,16.7,8,11.1,35.7,17.2,11.5,86.4,13.6,60.9,13.6,25.5,51,4,494.7,24017,31278,775.7,"2,5",11.7,4.5,21.8,44,29.8,38.4,59.2,11.5,339.4,"0,7","35,1","23,7","10,4",30.1,30.5,25.4,35.1,3.3,3.8,2.7,1.6,4.3
Bayern,227,Deggendorf,55,1941.5,208.4,197.2,5.4,107.3,-3.2,9.5,16.2,8.4,11.6,37.1,16.7,10,89.1,10.9,81.2,7,11.8,65.6,4.5,477.3,20088,31217,856.1,"3,6",11,3.8,22.9,49,24.3,31.7,48.9,9.8,367.4,"0,8","41,7",21,"11,6",24.9,27.2,23,24.4,3.6,4.4,2.8,1.8,5.4
Bayern,228,Landshut,56,2362.3,336.1,301.2,10.4,142.3,-1.1,21,17.2,8.4,12.5,37.3,15.2,9.3,83,17,69.7,9.6,20.7,58.7,5.1,447.8,22276,36039,783.9,"3,9",10.8,4.4,25.2,46.4,24,38.8,46.7,9.2,360.4,"0,9","37,6","19,2","16,8",25.5,27.5,22.3,44.7,3.2,3.5,2.9,2.2,4.2
Bayern,229,Passau,35,1503.8,225.2,208.9,7.2,149.8,-3.9,14.5,15.3,9,12.3,35.5,17.1,10.7,87.3,12.7,78.2,8.4,13.3,58.5,5.1,496.9,20065,34984,798.7,"3,6",11.3,4.7,21.9,49.3,24.1,35.2,52.8,9.5,405.6,"0,6","36,2",24,"11,6",27.6,37.3,24.3,32,4.2,4.9,3.5,2.7,5.7
Bayern,230,Rottal-Inn,50,2276.5,220,201.1,8.6,96.6,-2.6,11,16.7,8.4,12.2,36.6,15.8,10.2,86,14,77.5,7.7,14.8,68.2,3.7,436.9,21229,43734,890.7,"2,4",11,3.8,26.8,46.8,22.7,35.1,49.9,9.8,411.6,"1,5","51,1","18,4","12,3",16.7,25.9,24,35.4,3.1,3.5,2.7,1.9,4.3
Bayern,231,Straubing,62,2244.4,222.4,207.2,6.8,99.1,-2.9,12.6,16.1,8,12,37.1,16.5,10.3,89.3,10.7,79.4,7.8,12.7,60.9,3.5,470.7,20576,29857,828.9,"3,3",11.2,5.2,24.3,43.4,27.1,34.7,46.9,9.8,364,"1,2","38,9","21,6","12,3",26,34.6,22.4,32.1,4.1,4.9,3.2,2.4,5.6
Bayern,232,Amberg,47,2650,275.8,258.2,6.4,104.1,-3,11.1,16.6,8.3,11.8,37.1,15.7,10.5,87.4,12.6,68,18.3,13.7,63.1,4.3,466.4,21131,32578,823,"3,7",11.5,3.1,24.8,47.7,24.4,34,44,9.1,367.9,"0,4","43,7","19,1","11,8",25,28.8,24.1,31.9,3.1,3.5,2.6,1.7,4
Bayern,233,Regensburg,42,1472.6,334.9,302.7,9.6,227.4,0.1,15.7,16.1,8.9,15,36.1,14.8,9.1,81.2,18.8,67.1,11.8,21.2,45.7,7,516.7,21814,48500,714.7,4,9.1,3.3,21.7,44.5,30.4,41.1,45.5,6.9,493,"0,4","33,6","19,8","19,3",27,35.5,24.6,37.3,2.7,3.1,2.3,1.7,3.3
Bayern,234,Schwandorf,72,2985.1,271.2,256.7,5.3,90.9,-3.3,9.8,16.1,8.1,11.9,37.1,16.2,10.5,91.3,8.7,82.7,6.9,10.3,68.1,3.2,467.7,20358,31918,898.4,"2,6",11.3,3.4,24.6,48.3,23.8,32.5,43.1,9.1,383.7,"0,8","46,3","19,6","12,6",20.7,25.3,25.2,33.2,3.5,4.3,2.5,1.9,4.8
Bayern,235,Weiden,65,2582.5,210.4,200.5,4.7,81.5,-4.8,5.5,15.9,8.1,11.5,36.6,16.6,11.3,90.1,9.9,76.3,13.1,10.5,59.4,3.7,505.1,20390,32804,840.3,"4,2",11.5,4.5,21.7,49.5,24.4,37,42.2,8.7,383,"0,9","40,6",21,"12,3",25.2,41.1,23.7,24.3,4.4,4.9,3.8,2.5,5.9
Bayern,236,Bamberg,37,1003,234.3,218,7,233.6,-1.4,13.5,16.3,8.7,13.9,36.5,15,9.8,87.5,12.5,63.1,18.5,18.5,51.6,3.6,492.2,21716,33292,776.6,"3,2",12,4.2,15.2,41.8,38.9,41.2,44.5,8.2,404.6,"0,5","37,4","20,9","14,9",26.4,33.4,25,31.7,3.4,3.7,3.1,2,4.5
Bayern,237,Bayreuth,44,1648.2,204.5,193.4,5.4,124.1,-4.7,6.7,15,9.6,12.2,35.4,16.5,11.2,86.3,13.7,34.4,48.8,16.8,53.9,4.3,516.6,21698,33005,782.5,"2,5",11.8,5.4,18.6,43.4,32.7,41,42.7,7.7,374.9,"0,7","29,8","20,2","17,3",31.9,37.1,22.9,24.1,4.3,4.9,3.6,2.5,6
Bayern,238,Coburg,37,1305.9,198.7,188.5,5.1,152.1,-5.8,5.6,14.9,7.4,11.2,36.7,17.3,12.5,88.3,11.7,31.5,51.4,17.2,60.5,1.7,503.5,24053,37236,791.8,"1,8",10.5,4.6,20,45.5,30,36.8,41.6,8.4,443.1,"0,5","44,5","16,6",18,20.4,38.7,24.3,23.5,3.7,3.9,3.5,2.2,5.1
Bayern,239,Hof,44,1541.4,211.4,196.8,6.9,137.1,-7.5,7.2,14.6,7.2,10.2,35.7,18.6,13.7,86.6,13.4,20.1,60.3,19.7,55.5,0.7,557,21143,31962,760.7,"3,7",11.4,6.6,18.4,46.1,28.8,39.1,41.7,8.6,413.3,"0,5","40,5","23,3","11,4",24.3,57.6,25.2,32.2,4.9,5.7,4,4.4,5.4
Bayern,240,Kulmbach,52,1733,210.5,202.7,3.7,121.5,-4.7,5.4,15.8,7.5,10.7,37.7,16.9,11.3,91,9,53.2,34.2,12.7,65.2,2.1,479,21623,28822,844.8,"1,7",8.9,5.5,24.6,49.8,20.1,44.2,41.9,9.1,341.6,"0,6",41,"24,1","10,4",24,29.6,22.1,22.5,3.6,3.7,3.3,2.3,5.1
Bayern,241,Ansbach,86,3042.6,315.8,291.8,7.6,103.8,-2.6,14.8,16.9,8.3,11.9,36.3,15.7,10.9,85.6,14.4,26,58.2,15.7,63,2.8,464.9,21613,30969,846.7,4,12.4,4.8,19.3,48.6,27.3,39.9,45.4,8.7,375.7,"0,8","42,3","18,7","10,2",28,29.4,28.7,35,3.4,3.6,3.2,2,4.7
Bayern,242,Erlangen,26,641.6,242.5,215.9,11,377.9,-0.6,13.8,16.7,8.8,14.3,35.4,15.2,9.6,79.6,20.4,36.6,34.6,28.8,49.7,3.8,510,24270,55009,685,"2,4",10.9,3.4,14.1,40.7,41.8,52.5,42.6,6.1,577.3,"0,2","39,7","13,3","22,7",24,32.3,28,38.5,3,3.2,2.8,2.3,4
Bayern,243,Fürth,53,1638.5,337.2,304,9.8,205.8,-1.4,13.1,16.4,7.6,12.2,37.3,16.2,10.3,79.5,20.5,23.4,49.8,26.9,51.7,4.7,485.3,22885,25944,720.8,"1,7",10.2,4.3,19.9,45,30.9,44.6,45.6,7.9,305.3,"0,9","33,6","22,9","16,9",25.8,46,27.7,37.4,3.8,4,3.6,2.6,4.5
Bayern,244,Nürnberg-Nord,1,85.7,285.3,224.4,21.3,3328,-1.3,16.9,15.4,8.6,15.7,34.5,15.2,10.6,63.6,36.4,25.6,31.6,42.8,28.1,3.7,534.5,21791,52670,546.1,"5,2",9.4,7.4,22.1,40,30.5,50.5,50.2,5.9,590.9,"0,4","20,7",23,"32,8",23.1,93.6,26.6,44.3,6.3,6.5,6.1,5.7,7.3
Bayern,245,Nürnberg-Süd,1,141.5,265.1,217.7,17.9,1873.8,-1.5,16.5,15.7,8.4,15.1,34.8,15.4,10.6,65.4,34.6,29.4,33.6,37,36.4,3.7,527.7,22126,49659,571.4,"4,6",10.4,6.9,20.4,40.2,32.6,48.4,50.2,6.1,558.3,"0,4",22,23,"31,4",23.2,86.8,26.5,43.7,5.9,6.2,5.7,5.2,6.8
Bayern,246,Roth,43,1695,292.8,272.5,6.9,172.7,-3,13.1,16.5,7.6,10.9,37.5,16.8,10.7,87.7,12.3,33.4,43.7,22.9,62.6,3.6,471.2,24299,27475,806.4,"1,6",9.5,7.8,22.5,42.6,27.1,48.3,48.5,8.6,309.1,"0,4","40,5","22,9","10,5",25.6,24.5,27.2,35.6,2.6,2.8,2.4,1.4,3.6
Bayern,247,Aschaffenburg,33,761.6,242.7,218.1,10.1,318.6,-2.4,9.3,16,7.7,12.2,37.1,16.4,10.6,80.3,19.7,61.8,12.6,25.6,55.7,2.9,487.6,23305,40000,763.5,"3,1",10.9,4.3,20.9,45.7,29.1,41.5,54.7,9.2,390.1,"0,4",35,"26,5","17,3",20.7,45.9,28.3,41.7,3.8,3.9,3.7,3.2,4.1
Bayern,248,Bad Kissingen,89,3115.1,267.4,256.5,4.1,85.8,-4.2,6.7,16.3,7.7,11.1,36.4,16.9,11.6,89.1,10.9,66.5,21.8,11.7,65.7,2.1,481.6,20817,29159,848.6,"1,9",11.8,4,23.3,47,25.8,40.1,41.1,9,340.2,"0,8",42,18,"9,3",29.9,28.9,24.3,29.5,3.3,3.5,3.1,1.6,4.8
Bayern,249,Main-Spessart,72,2037.3,254.6,234.7,7.8,125,-3.3,6,16.2,7.8,11,37.1,16.7,11.2,85,15,66.9,13.6,19.4,64.6,2.2,477.5,21936,31265,797.3,"1,5",11.1,3.2,23.1,48.3,25.3,39.2,46.1,9.1,341.5,"0,7","51,1","18,2","10,1",19.8,26.8,26.7,38.3,2.6,2.7,2.4,1.9,3.4
Bayern,250,Schweinfurt,61,1561.3,256.1,237,7.5,164,-2.9,11.5,16.2,8.1,12,35.8,16.4,11.4,83.5,16.5,55.2,27.5,17.3,57.2,2.2,481.8,21354,39497,784,"4,2",12.3,4,20.8,44,31.1,41.1,41.2,7.1,426.3,.,"42,3","21,9",.,24,41.7,27.5,38.2,3.6,3.7,3.4,2.1,4.1
Bayern,251,Würzburg,53,1056,285.3,265.3,7,270.2,-0.7,6.9,14.7,9.9,15,34,15.6,10.7,83.7,16.3,58.5,20.5,21.1,43.8,2.9,534.2,23105,38870,702.2,4,9.4,6.2,15.9,44.5,33.4,42.5,46.6,6.5,437,"0,5","20,1",23,"20,9",35.6,36.8,24.9,35.1,3,3.6,2.5,2.1,3.8
Bayern,252,Augsburg-Stadt,2,165.3,314.1,256.3,18.4,1900.9,-0.8,17.9,15.2,9.3,16.2,34.1,15,10.3,65.1,34.9,46.3,17.3,36.5,35.9,5.7,517.8,18877,43969,546.3,"5,4",11.6,4.6,21.3,42,32.2,40.3,43.9,5.9,480.3,"0,1","25,8","19,9","22,3",31.9,60.4,26.1,42.1,5.4,5.5,5.3,4.4,6.6
Bayern,253,Augsburg-Land,61,1567.6,324.8,299.3,7.9,207.2,-1,12.8,17.7,7.9,11.3,37.4,15.9,9.9,84.7,15.3,64.8,12.4,22.9,62.4,2.9,450,23625,26103,791.4,"2,5",9.6,5.5,26.5,48.3,19.7,39.9,48.1,9.5,280.1,"0,9","38,6","28,2","13,8",18.4,23.7,26.9,37.5,2.6,2.8,2.4,1.8,3.6
Bayern,254,Donau-Ries,79,2332.3,249.8,230.4,7.8,107.1,-1.1,11.3,17.6,8.3,11.9,36.8,15.3,9.9,86.3,13.7,65.2,19.4,15.4,68.7,3.6,438.3,23203,37263,853.2,"3,4",12.1,3.9,20.8,51.9,23.4,37.5,45.6,9,395.1,"1,3","45,8","20,8","12,2",19.9,20,25.3,39.2,2.2,2.1,2.2,1,3.3
Bayern,255,Neu-Ulm,70,1684.5,328,289.7,11.7,194.7,-0.6,12.9,17.4,8.4,12.5,36.4,15.5,9.7,79.6,20.4,59.4,15.8,24.8,62.1,4,455.6,23426,36608,779.2,"2,7",10.8,5.5,23.9,46,24.6,37.5,45.6,8.2,379.3,"0,5","42,5","22,6","11,3",23.1,25.5,26.5,37.3,2.5,2.5,2.4,1,3.4
Bayern,256,Oberallgäu,48,1914.7,300,268.8,10.4,156.7,-1.8,15.1,16.4,8.1,11.8,35.5,17,11.3,82.5,17.5,58,15.4,26.6,47.8,4.2,518,22864,35434,772.2,"3,8",10.5,5.1,23.4,47.7,23.9,36.1,57.1,8.7,395.2,"0,9","34,5","27,5",15,22.1,27.6,24.6,33.8,3.1,3.3,2.8,1.5,4.5
Bayern,257,Ostallgäu,80,2328.9,329.2,297.5,9.6,141.4,-1.7,15.3,17.2,8.1,11.8,35.6,16.4,10.9,83.9,16.1,62.6,15.3,22.1,56.7,3.4,473.5,22927,35449,800.2,"2,9",12.3,4.2,22.9,51.5,21.3,36.4,53.2,9.4,396.1,.,"44,8","20,7",.,23.4,25.5,24.1,39.1,3,3.1,2.9,1.4,4.3
Bayern,909,Land insgesamt,2056,70550.1,12843.5,11372.2,11.5,182,-1.2,12.8,16.4,8.2,13.1,36.3,15.7,10.2,80.9,19.1,53.9,20.3,25.8,51,4.1,487.5,23080,41646,745.5,"3,2",10.5,4.6,21,45.8,28.6,42.2,51.7,8.5,418.3,"0,6","32,8","21,6","20,7",24.3,35.9,26.2,38.9,3.5,3.8,3.2,2.1,4.6
Baden-Württemberg,258,Stuttgart I,1,113.8,304.3,239.6,21.4,2674.7,1.5,16.5,15.3,8.7,18.6,34.5,13.4,9.5,61.4,38.6,24.5,30.5,45,33,3.1,494.4,23759,79313,539.4,6,8.8,5.6,14.3,39.5,40.5,44.4,52.5,5.1,649,"0,1",20,"15,2","37,6",27.1,67.2,26.6,44.5,5,5.2,4.6,2.3,5.6
Baden-Württemberg,259,Stuttgart II,1,93.6,319.5,235.4,26.2,3413.5,1.5,16.5,15.3,8.7,18.6,34.5,13.4,9.5,61.4,38.6,25,26.8,48.2,32.5,3.1,494.4,23759,79313,539.4,6,8.8,5.6,14.3,39.5,40.5,44.4,52.5,5.1,645.9,"0,1",20,"15,2","37,6",27.1,67.2,26.6,44.5,5,5.2,4.6,2.3,5.6
Baden-Württemberg,260,Böblingen,23,563.2,358.7,298.9,16.7,636.9,0.7,17.7,17.8,7.6,12.8,36.3,15.2,10.2,69.2,30.8,23.6,38.1,38.2,56.7,4.2,467.6,23483,58067,730.7,"4,3",10.8,4.8,18.5,47.3,29.4,41.2,43.7,5.9,463.5,"0,2","41,7",17,25,16.2,34.5,28.2,46,3.1,3.2,3.1,1.3,3.9
Baden-Württemberg,261,Esslingen,15,208.7,245.9,204.1,17,1178.2,0.4,12.3,17.1,8,12.9,36.1,15.1,10.8,73.1,26.9,25,35.8,39.1,51.3,3.3,485.1,23606,37569,713.5,"3,5",10.7,3.4,20.2,45,31.4,38.9,48.2,7.2,399.6,"0,4","40,3","21,8","18,7",18.9,40.1,25.4,44.6,3.5,3.7,3.4,1.7,4.2
Baden-Württemberg,262,Nürtingen,31,465.2,293.3,250.9,14.5,630.5,-0.4,15.8,17,8.1,12.3,36.7,15.7,10.2,72.9,27.1,21.3,43.6,35.1,57.4,3.2,473.6,23600,38616,714.4,"3,5",10.7,3.4,20.1,45.1,31.3,39,48,7.2,403.9,"0,4","40,4","21,5","19,1",18.7,39.9,25.6,44.6,3.5,3.7,3.3,1.6,4.2
Baden-Württemberg,263,Göppingen,38,642.4,252.7,216.4,14.4,393.5,-1.9,12.2,16.9,8,11.7,36,16.2,11.1,73.1,26.9,34.3,35.1,30.6,60,2.4,473.1,22333,30841,745.1,"4,3",11.4,4.8,19.3,50.6,25.3,35.1,46.6,7.8,344.3,"0,2","41,7","19,6","16,5",21.9,48.3,27.8,43.3,3.9,3.8,4,1.8,4.5
Baden-Württemberg,264,Waiblingen,18,513.4,317.4,270.5,14.8,618.2,-0.4,12.9,17.1,7.9,11.8,36.5,15.8,10.9,75.2,24.8,23,41.5,35.5,55.3,3.3,475.2,23752,31576,722.9,"4,9",10.8,4.7,15.1,53.1,27.1,38,49.6,8.2,345.7,"0,5","39,5","20,5","16,2",23.3,45.5,25.8,43.9,3.4,3.7,3.2,1.4,4.1
Baden-Württemberg,265,Ludwigsburg,16,361.5,324.7,268.1,17.4,898.4,1.1,14.7,17.5,7.7,13.4,36.4,15,10.1,71,29,22.9,37.4,39.7,53.4,3.2,476.2,23470,41242,697.9,"2,7",10.5,4.6,14.1,49.6,31.7,41.2,44.8,6.7,370.2,"0,7","36,8","23,4","19,2",19.8,38.1,28.1,43.7,3.5,3.5,3.5,2,4.4
Baden-Württemberg,266,Neckar-Zaber,39,642.4,322.1,278.1,13.7,501.3,0.4,13.1,17.5,7.8,12,37.3,15.6,9.8,72.2,27.8,20.6,46.1,33.3,63.1,3.3,463,23329,42836,732,2,10.7,4.5,17.4,49.2,29,40.3,44.8,7.5,378.3,"0,7","40,6","21,8","18,3",18.5,37.2,27.6,42.6,3.5,3.5,3.5,1.7,4.4
Baden-Württemberg,267,Heilbronn,32,904.9,351.7,294.8,16.2,388.7,-0.8,18.1,17.4,8.4,13.1,36.1,15,10,68.2,31.8,27,39.6,33.3,57.9,3.4,463.5,29506,47955,732.7,"5,5",12.3,3.8,23,48.6,24.7,39.7,46.4,8.6,462.8,"0,5","37,8","21,2","19,9",20.6,48.7,26.7,44,4.2,4.2,4.1,1.9,5
Baden-Württemberg,268,Schwäbisch Hall – Hohenlohe,46,2260.8,301.8,274.6,9,133.5,-0.5,13.8,17.7,8.4,12.6,36.3,15.2,9.8,75.8,24.2,23.7,52.9,23.4,63.6,3.7,457.5,21905,39916,842.2,"5,6",11.7,4.6,23.8,48.2,23.5,35.7,44.5,8.9,445.8,"0,7",46,"22,3","13,2",17.7,30.6,25,33.4,3.1,3.1,3.1,1.4,4.5
Baden-Württemberg,269,Backnang – Schwäbisch Gmünd,34,838.7,241.5,213.6,11.6,288,-2.2,12.7,17.2,8.4,11.6,36.2,16,10.6,76.8,23.2,34.6,36.1,29.2,61.6,3,469.5,22927,35841,744,"5,2",12.1,4.2,19.2,49.3,27.3,37.4,45.8,7.8,371.1,"0,5","43,8","18,1","13,8",23.8,39.9,26.7,37.6,3.3,3.4,3.2,1.1,4.3
Baden-Württemberg,270,Aalen – Heidenheim,32,1644.7,303.8,270.5,11,184.7,-1.5,18,17.6,8.4,12,35.4,15.6,11,76.8,23.2,46.7,30.6,22.6,62.4,2.6,462,22109,35507,744.7,"5,2",12.9,4.8,21.2,46.6,27.4,37.3,40.9,7.4,389.7,"0,4","46,8","17,1","13,4",22.4,44.1,27.6,35.2,4.1,4.1,4,1.4,5.2
Baden-Württemberg,271,Karlsruhe-Stadt,1,173.5,307.8,252.3,18,1774.2,-0.1,25,14.6,10.8,17.5,33.5,13.8,9.8,69.5,30.5,31.8,30,38.2,30.4,2.7,506.5,21417,59775,514.6,"5,4",9.2,6.7,11.9,38.5,42.9,42.4,47.9,5.9,577.7,"0,1","15,6","21,7",35,27.6,60,24.7,30.6,4.7,4.9,4.5,3,5.6
Baden-Württemberg,272,Karlsruhe-Land,21,718.4,281.1,250.1,11,391.3,-2.1,11.3,16.5,7.6,11.2,36.9,16.8,11,79.3,20.7,36.3,35.9,27.8,60.5,2.4,466,22619,33358,723.9,"3,4",10.6,4.1,16.8,51.5,27.7,40,45.1,8.5,342.5,"0,4","36,3","20,8","23,1",19.4,33.3,26.5,37.2,3.3,3.4,3.1,1.7,4
Baden-Württemberg,273,Rastatt,24,879,281.6,245.8,12.7,320.4,-2.7,15.4,16,7.5,11.4,36.5,16.9,11.7,75.7,24.3,54,18.9,27,55.7,2.9,487.7,23075,40785,751.5,"4,7",11.2,4.6,20,47.8,27.5,35.6,45.3,6.9,423.6,"0,5","45,9","18,3","15,6",19.7,41,26,38.4,3.5,3.5,3.5,1.7,4.7
Baden-Württemberg,274,Heidelberg,12,305.6,317.1,269.3,15.1,1037.8,0,11,15.1,10.4,16.1,33.7,14.8,9.9,74.3,25.7,28.6,34.3,37,39.4,4.1,500.9,22796,41324,577.6,"4,5",9.4,3.3,13.2,39.8,43.7,41.1,47.1,5.8,440.2,"0,2",21,"17,6","25,5",35.7,44.9,25.3,32.9,4.3,4.8,3.8,2,5.3
Baden-Württemberg,275,Mannheim,1,145,305.8,236.6,22.6,2109.4,-0.6,19.9,15.4,10,16.5,34.3,14.3,9.6,63.6,36.4,29.8,26.5,43.7,29.7,2.5,540,19846,60265,549.8,"4,3",9.7,6.1,10.5,48.8,34.5,43.4,47.3,6.1,610.5,"0,2","28,1","22,4","27,2",22.1,97.4,27.1,39,5.7,5.9,5.5,1.7,6.8
Baden-Württemberg,276,Odenwald – Tauber,45,2430.6,275.1,253.3,7.9,113.2,-3.4,14.9,16.4,8.1,11.3,36.2,16.7,11.2,81.9,18.1,50.9,31.8,17.3,65.1,2.1,473.7,21164,31338,803,"6,8",12.2,4.3,23.6,46.7,25.4,33.5,41.6,8.1,361.8,"0,6","44,6","17,3","10,5",27,33.7,24.3,32.2,3.6,3.7,3.5,1.8,4.9
Baden-Württemberg,277,Rhein-Neckar,34,724.9,268.9,239,11.1,371,-0.9,14.6,17.2,8,11.6,36.9,16.1,10.1,78.9,21.1,35.2,35.7,29.1,58.1,2.9,469.6,23240,30418,721.9,"3,6",9.1,5,16.3,47,31.8,41.4,45.9,7.2,306.4,"0,4","29,1","22,2","26,3",22,45.8,25.8,35.4,4.1,4.4,3.8,2.1,5.1
Baden-Württemberg,278,Bruchsal – Schwetzingen,20,506.6,266.8,235.3,11.8,526.6,-1.7,14.4,16.7,7.6,12.3,37.2,16,10.2,79.1,20.9,46.9,24.8,28.3,57.5,2.4,467.8,22879,32126,723.1,"3,4",10,4.4,16.6,49.8,29.2,40.5,45.4,8,327.9,"0,4","33,5","21,4","24,3",20.4,38.6,26.2,36.3,3.6,3.8,3.4,1.8,4.5
Baden-Württemberg,279,Pforzheim,29,671.7,318.3,267.4,16,473.9,-1.2,17.8,17.3,8.4,12.3,35.5,15.7,10.8,68.9,31.1,23.3,42.8,33.9,54.6,2.7,475.9,22911,32939,676.2,4,11,4.4,18,47.6,30,39.6,49,7.9,369,"0,2","42,8","21,4","14,4",21.2,55,30.4,45,4.3,4.4,4.2,2,4.1
Baden-Württemberg,280,Calw,41,1668.2,271.6,239.9,11.7,162.8,-1.9,15.5,17.5,8.3,11.4,36.4,15.8,10.7,77,23,24.2,47.3,28.5,61.7,2.7,483.6,22863,29976,767.8,"5,2",11.8,4.6,22,51.5,21.9,35.6,45.6,9.1,334,"0,4","40,7","23,1","10,3",25.5,33.5,24.4,34.8,3.4,3.5,3.4,1.3,4.6
Baden-Württemberg,281,Freiburg,20,452.9,313.8,268.9,14.3,692.9,1.8,16.3,16.4,10.9,16.9,33.3,13.7,8.8,74.7,25.3,40.6,25.2,34.2,36.5,3.6,489.4,21003,41386,536.1,"6,7",11,5.1,12.1,42.3,40.5,46.5,50.5,6.4,473.2,"0,3","17,5","23,2","18,4",40.5,62.8,27.4,34.8,4.8,5.4,4.1,1.6,5.3
Baden-Württemberg,282,Lörrach – Müllheim,48,1155.1,318.7,278.3,12.7,275.9,-1.7,17.9,17.5,7.9,11.8,36.3,15.7,10.7,77.9,22.1,34,34.1,31.9,53.8,3.8,472.3,23142,30722,713.9,"2,6",10.8,4.4,16.8,47.9,30.8,39.7,43.3,7.6,335,"0,8","38,2",25,"12,7",23.3,36.9,26.4,33.9,3.3,3.7,2.9,1.2,3.7
Baden-Württemberg,283,Emmendingen – Lahr,41,1204.5,289.2,263.2,9,240.1,-1,15.3,17.7,8,11.7,36.5,15.7,10.4,81.9,18.1,47.8,30.6,21.6,55.9,4.4,457.8,21513,31512,744.8,"4,4",11.3,4.5,21.3,48.8,25.4,40.9,46.7,8.4,356.8,"0,6","41,8",21,"11,6",24.9,38.4,28.6,36.5,3.2,3.3,3.2,1,4
Baden-Württemberg,284,Offenburg,29,1094.7,272.3,246.2,9.6,248.7,-1.6,11.4,17.1,8,11.8,36,16.2,11,78.8,21.2,54.1,24.6,21.3,55.8,3.2,466.4,21662,36409,758.9,"4,7",12.4,4.3,19.2,48.1,28.4,40,45.6,7.6,412.4,"0,5","39,3","22,9","12,7",24.6,43.2,30.8,33.4,3.5,3.4,3.6,1.1,4.4
Baden-Württemberg,285,Rottweil – Tuttlingen,56,1503.7,274.1,242.7,11.4,182.3,-1.2,14.3,18.1,8.1,12,35.6,15.3,10.8,73.6,26.4,48.7,27.7,23.7,64.4,2.8,470.8,23526,40725,772.5,"4,8",12,4.1,21,49.8,25.1,37.7,48.5,8.8,430.5,"0,2","57,7","15,5","9,3",17.2,31.8,29.7,42.3,2.9,2.8,2.9,1.2,3.2
Baden-Württemberg,286,Schwarzwald-Baar,25,1266.8,230.3,200.3,13,181.8,-2.5,18,16.8,8.2,12.2,34.7,16.3,11.8,74,26,46.9,26.6,26.5,54.7,3.2,494.9,22805,35061,722,6,11.6,5.2,19.9,50.5,24.5,37.4,47.2,7.4,407.4,"0,2","43,6","19,5","12,8",23.9,38.7,29.7,38.1,3.4,3.5,3.3,1.8,4.1
Baden-Württemberg,287,Konstanz,25,818,280.3,243.1,13.3,342.7,-1.1,17,16.4,9.9,12.7,34.6,15.5,10.8,76.2,23.8,47.8,20.4,31.8,46.5,3.9,497.9,22339,31701,662.5,"5,2",10.5,4.1,20.2,46.2,29.5,38.7,47.8,6.9,355.5,"0,9",28,"25,6","16,9",28.6,43.2,28.6,36.9,3.7,4.1,3.3,1.6,4.3
Baden-Württemberg,288,Waldshut,50,1861.4,245.8,215.6,12.3,132.1,-2.1,16.9,17.8,8,11.5,35.5,16.3,11,79,21,56.6,18.7,24.7,55.5,2.7,487.9,22429,28180,752.1,"3,5",11.7,4,23,49.3,23.7,39.7,44.8,8.4,317.1,"0,7","37,1","26,6","10,7",24.8,32.4,28.1,38,3.4,4,2.7,1.3,3.7
Baden-Württemberg,289,Reutlingen,26,1092.7,282.1,242.8,13.9,258.2,-1.1,15.6,17.2,8.4,12.3,36.1,15.3,10.8,74,26,22.5,46.4,31.1,59.9,3.5,467.6,23126,37185,740.6,"5,2",11.3,4.1,22,44.7,29.2,38.5,49.3,8.8,394.7,"0,5",40,"18,7","16,8",24,44.6,26.6,43.8,3.7,4,3.4,1.8,3.9
Baden-Württemberg,290,Tübingen,21,789,270.9,238,12.2,343.4,1.1,12.8,17,10.8,14.5,34.6,14.1,9,77.6,22.4,34.4,35.8,29.8,56.9,4.6,455.7,21953,30569,666.4,"4,1",10.9,4.1,18.3,40.8,36.7,40.5,43.3,7.5,350.3,"0,2","30,7","18,1",13,37.9,35.7,27,40.2,3.1,3.5,2.7,1.3,3.5
Baden-Württemberg,291,Ulm,56,1477.4,314.7,271.3,13.8,213,0.1,15.4,17.6,9.1,13.7,35.2,14.6,9.7,74.7,25.3,40.6,30.3,29,54.4,4,467.3,22957,43774,716.7,7,12.3,5.9,18.6,46,29.5,38.1,45.9,7.2,464.1,"0,4","31,6","22,4","20,8",24.7,34.8,28.6,44.4,3.3,3.6,3.1,1.5,4.4
Baden-Württemberg,292,Biberach,49,1748.3,222.8,203.6,8.6,127.4,0.2,18.3,18.9,8.5,12.3,36.3,14.6,9.5,81,19,65.5,16,18.5,65.1,5.6,452.6,21938,44648,802.1,"4,9",12.7,5.7,21.5,50.2,22.6,39.9,43.5,8.1,414.5,"0,7","52,5","16,2","10,7",19.8,26.6,28.3,39.2,2.6,2.7,2.4,1.2,3
Baden-Württemberg,293,Bodensee,27,860.7,233.3,206.5,11.5,271.1,-0.9,13.6,16.9,8,11.7,35.7,16.9,10.8,77.6,22.4,51,19.1,29.8,52.8,4.7,491.8,23541,43496,775.6,"6,1",11.5,6.2,16.1,50.2,27.5,37.8,50.3,7.8,417,"0,9","45,1","18,1","12,4",23.4,29.4,27.5,37,3.1,3.1,3.1,0.9,4
Baden-Württemberg,294,Ravensburg,35,1293.3,250.5,226.5,9.6,193.7,-0.8,14.5,17.8,8.8,12.5,35.7,15.3,9.8,79.9,20.1,60.9,16.8,22.4,56,4.4,457,22091,37379,769.3,"6,6",13.8,8.8,16.6,50.2,24.3,40.3,51.7,8.4,404.5,"0,7","36,3","19,7","14,7",28.7,32.3,26.4,33.7,3,3.4,2.6,0.9,3.4
Baden-Württemberg,295,Zollernalb – Sigmaringen,40,1656.4,249.1,221,11.3,150.4,-2.4,21.9,17.1,8.7,11.8,35.4,15.7,11.3,77.7,22.3,49.8,29,21.2,66.4,2.3,467.3,22823,32676,795.6,"4,9",12.4,5.1,19.9,51.6,23.4,34.1,48,10.1,357.6,"0,6","46,1","20,4","9,3",23.4,32.8,25.3,29.1,3.4,3.4,3.4,1,4.2
Baden-Württemberg,908,Land insgesamt,1101,35751.3,10879.6,9372.5,13.9,304.3,-0.7,15.7,16.9,8.6,13.1,35.7,15.4,10.3,74.3,25.7,36.4,32.7,30.9,53.4,3.3,477.1,22869,40964,705,"4,7",11.1,4.8,18.4,47.4,29.4,39.5,46.7,7.5,415.4,"0,4","35,9","20,2","19,5",24,43.4,27,39.1,3.7,3.9,3.5,1.5,4.4
Saarland,296,Saarbrücken,6,325.3,269.8,235,12.9,829.3,-5,11.6,14.4,8.5,13.7,34.4,17.5,11.5,80,20,49.9,23.7,26.5,46.3,1.3,546.2,18923,43345,660.1,"3,8",9.4,5.5,24.7,30.7,39.1,36.8,44.1,6.8,459.7,"0,1","24,7","19,7","25,6",29.8,137.1,25.3,36.2,9.4,10.2,8.5,6.2,8.3
Saarland,297,Saarlouis,18,891.4,265.5,240.8,9.3,297.8,-5.7,14.7,14.9,7.4,11.3,36.6,17.8,12,83.9,16.1,76.5,8.3,15.3,71.5,2.6,491,18991,29236,772,"4,2",9.7,3.8,24.4,34.3,37.5,35.1,38.4,7.7,330.4,"0,4","37,4","23,8","13,8",24.6,65.2,25.7,39.3,5.5,6,4.9,2.5,5.5
Saarland,298,St. Wendel,16,801.7,216.7,205.5,5.1,270.3,-7,10.1,14,7.2,10.8,36.9,18.4,12.6,86.9,13.1,68.8,18,13.3,74.3,1,494.6,21924,26357,761.8,"4,3",9.5,5.2,24.6,35.6,34.7,33,35.8,7.4,317,"0,3",35,"20,5","14,4",29.9,78,26.1,37.4,6.1,6.5,5.6,4,5.9
Saarland,299,Homburg,12,550.3,243.7,223,8.5,442.9,-6.3,13.2,14.1,7.7,11.2,35.8,18.2,12.9,84.5,15.5,53.5,26.9,19.6,63.7,1.6,517.1,20506,34878,743.6,"4,5",8.9,4.4,23.9,34.5,37.2,34.4,40.5,7.5,412.8,"0,2","36,1","19,6","16,3",27.8,87.8,25.6,38.5,6.9,7.4,6.3,4.6,6.9
Saarland,910,Land insgesamt,52,2568.7,995.6,904.3,9.2,387.6,-5.9,12.5,14.4,7.7,11.8,35.9,17.9,12.2,83.7,16.3,62,19.1,18.9,63,1.7,513.1,19982,33817,732.5,"4,2",9.4,4.7,24.4,33.7,37.2,34.9,39.9,7.3,382.7,"0,2","32,5","20,8","18,4",28.1,93,25.6,37.5,7,7.6,6.4,4.2,6.6
Deutschland,999,Insgesamt,11092,357385.7,82175.7,73523.7,10.5,229.9,-2.3,13.9,16.2,7.7,12.8,35.8,16.4,11,80.8,19.2,30,29.1,40.9,45.9,3,504.4,21117,36003,664,"3,2",10.2,5.7,16.2,43.6,34.5,43.2,45,7.3,386.4,"0,8","28,7","22,3","20,8",27.5,76,26.4,29.8,6,6.4,5.6,3.6,6.7
